,Rank,Player (age that year),Triples,Year,Bats
0,1.,Chief Wilson (28),36,1912,L
1,2.,Dave Orr (26),31,1886,R
2,2.,Heinie Reitz (27),31,1894,L
3,4.,Perry Werden (31),29,1893,R
4,5.,Harry Davis (23),28,1897,R
5,5.,Sam Thompson+ (34),28,1894,L
6,7.,George Davis+ (22),27,1893,B
7,7.,Jimmy Williams (22),27,1899,R
8,9.,Sam Crawford+ (34),26,1914,L
9,9.,Kiki Cuyler+ (26),26,1925,R
10,9.,Shoeless Joe Jackson (24),26,1912,L
11,9.,John Reilly (31),26,1890,R
12,9.,George Treadway (27),26,1894,L
13,14.,Roger Connor+ (36),25,1894,B
14,14.,Sam Crawford+ (23),25,1903,L
15,14.,Larry Doyle (24),25,1911,L
16,14.,Buck Freeman (27),25,1899,L
17,14.,Tom Long (25),25,1915,R
18,19.,Ty Cobb+ (24),24,1911,L
19,19.,Ty Cobb+ (30),24,1917,L
20,19.,Ed McKean (29),24,1893,R
21,22.,Dan Brouthers+ (36),23,1894,L
22,22.,Ty Cobb+ (25),23,1912,L
23,22.,Earle Combs+ (28),23,1927,L
24,22.,Adam Comorosky (25),23,1930,R
25,22.,Sam Crawford+ (33),23,1913,L
26,22.,Curtis Granderson (26),23,2007,L
27,22.,Nap Lajoie+ (22),23,1897,R
28,22.,Dale Mitchell (27),23,1949,L
29,22.,Mike Smith (25),23,1893,L
30,22.,Harry Stovey (27),23,1884,R
31,22.,Sam Thompson+ (27),23,1887,L
32,33.,John Anderson (24),22,1898,B
33,33.,Jake Beckley+ (22),22,1890,L
34,33.,Bill Bradley (25),22,1903,R
35,33.,Earle Combs+ (31),22,1930,L
36,33.,Roger Connor+ (29),22,1887,B
37,33.,Sam Crawford+ (22),22,1902,L
38,33.,Birdie Cree (28),22,1911,R
39,33.,Jake Daubert (38),22,1922,L
40,33.,Elmer Flick+ (30),22,1906,L
41,33.,Willie Keeler+ (22),22,1894,L
42,33.,Tommy Leach (24),22,1902,R
43,33.,Bid McPhee+ (30),22,1890,R
44,33.,Mike Mitchell (31),22,1911,R
45,33.,Hi Myers (31),22,1920,R
46,33.,Kip Selbach (23),22,1895,R
47,33.,Tris Speaker+ (25),22,1913,L
48,33.,Snuffy Stirnweiss (26),22,1945,R
49,33.,Joe Visner (30),22,1890,L
50,33.,Honus Wagner+ (26),22,1900,R
51,33.,Paul Waner+ (23),22,1926,L
52,53.,Home Run Baker+ (26),21,1912,L
53,53.,Tom Brown (30),21,1891,L
54,53.,Earle Combs+ (29),21,1928,L
55,53.,Sam Crawford+ (32),21,1912,L
56,53.,Ed Delahanty+ (24),21,1892,R
57,53.,Shoeless Joe Jackson (28),21,1916,L
58,53.,Lance Johnson (32),21,1996,L
59,53.,Bill Keister (29),21,1901,L
60,53.,Tom McCreery (21),21,1896,B
61,53.,Dave Orr (25),21,1885,R
62,53.,Edd Roush+ (31),21,1924,L
63,53.,Vic Saier (22),21,1913,L
64,53.,Frank Schulte (28),21,1911,L
65,53.,Cy Seymour (32),21,1905,L
66,53.,Billy Shindle (29),21,1890,R
67,53.,Sam Thompson+ (35),21,1895,L
68,53.,Mike Tiernan (23),21,1890,L
69,53.,Mike Tiernan (28),21,1895,L
70,53.,George Van Haltren (30),21,1896,L
71,53.,Bobby Wallace+ (23),21,1897,R
72,53.,Jimmy Williams (24),21,1901,R
73,53.,Jimmy Williams (25),21,1902,R
74,53.,Willie Wilson (29),21,1985,B
75,76.,Jim Bottomley+ (28),20,1928,L
76,76.,George Brett+ (26),20,1979,L
77,76.,Dan Brouthers+ (29),20,1887,L
78,76.,Dan Brouthers+ (34),20,1892,L
79,76.,Ty Cobb+ (21),20,1908,L
80,76.,Roger Connor+ (28),20,1886,B
81,76.,Duff Cooley (22),20,1895,L
82,76.,Tommy Corcoran (25),20,1894,R
83,76.,Buck Ewing+ (24),20,1884,R
84,76.,Jocko Fields (25),20,1890,R
85,76.,Buck Freeman (31),20,1903,L
86,76.,Lou Gehrig+ (23),20,1926,L
87,76.,Goose Goslin+ (24),20,1925,L
88,76.,Cristian Guzman (22),20,2000,B
89,76.,Jeff Heath (26),20,1941,L
90,76.,Rogers Hornsby+ (24),20,1920,R
91,76.,Shoeless Joe Jackson (32),20,1920,L
92,76.,Dick Johnston (24),20,1887,R
93,76.,Joe Kelley+ (22),20,1894,R
94,76.,Heinie Manush+ (26),20,1928,L
95,76.,Rabbit Maranville+ (32),20,1924,R
96,76.,Willie Mays+ (26),20,1957,R
97,76.,Dots Miller (26),20,1913,R
98,76.,Red Murray (28),20,1912,R
99,76.,Stan Musial+ (22),20,1943,L
100,76.,Stan Musial+ (25),20,1946,L
101,76.,Jimmy Rollins (28),20,2007,B
102,76.,Jake Stenzel (27),20,1894,R
103,76.,George Stone (29),20,1906,L
104,76.,Harry Stovey (31),20,1888,R
105,76.,Harry Stovey (34),20,1891,R
106,76.,Bill Terry+ (32),20,1931,L
107,76.,Jake Virtue (27),20,1892,B
108,76.,Joe Vosmik (25),20,1935,R
109,76.,Honus Wagner+ (38),20,1912,R
110,76.,Curt Walker (29),20,1926,L
111,76.,Lloyd Waner+ (23),20,1929,L
112,76.,Perry Werden (28),20,1890,R
113,114.,Home Run Baker+ (23),19,1909,L
114,114.,Johnny Barrett (28),19,1944,L
115,114.,Jake Beckley+ (23),19,1891,L
116,114.,Jake Beckley+ (24),19,1892,L
117,114.,Jake Beckley+ (25),19,1893,L
118,114.,Jake Beckley+ (26),19,1894,L
119,114.,Jake Beckley+ (27),19,1895,L
120,114.,Dan Brouthers+ (33),19,1891,L
121,114.,Oyster Burns (22),19,1887,R
122,114.,Max Carey+ (33),19,1923,B
123,114.,Joe Cassidy (21),19,1904,R
124,114.,Carl Crawford (22),19,2004,L
125,114.,Sam Crawford+ (30),19,1910,L
126,114.,Sam Crawford+ (35),19,1915,L
127,114.,Bill Dahlen (22),19,1892,R
128,114.,Bill Dahlen (26),19,1896,R
129,114.,George Davis+ (23),19,1894,B
130,114.,Jumbo Davis (25),19,1887,L
131,114.,Ed Delahanty+ (26),19,1894,R
132,114.,Buck Freeman (30),19,1902,L
133,114.,Buck Freeman (32),19,1904,L
134,114.,Larry Gardner (28),19,1914,L
135,114.,Charlie Gehringer+ (26),19,1929,L
136,114.,Babe Herman (29),19,1932,L
137,114.,Shoeless Joe Jackson (23),19,1911,L
138,114.,Roy Johnson (28),19,1931,L
139,114.,Willie Keeler+ (25),19,1897,L
140,114.,Joe Kelley+ (23),19,1895,R
141,114.,Joe Kelley+ (24),19,1896,R
142,114.,John Kerins (28),19,1887,R
143,114.,Bill Kuehne (26),19,1885,R
144,114.,Les Mann (22),19,1915,R
145,114.,Barney McCosky (23),19,1940,L
146,114.,Bid McPhee+ (27),19,1887,R
147,114.,Tip O'Neill (27),19,1887,R
148,114.,Wally Pipp (31),19,1924,L
149,114.,Tom Poorman (29),19,1887,L
150,114.,John Reilly (25),19,1884,R
151,114.,Jose Reyes (25),19,2008,B
152,114.,Juan Samuel (23),19,1984,R
153,114.,Ryne Sandberg+ (24),19,1984,R
154,114.,Jimmy Sheckard (22),19,1901,L
155,114.,Mike Smith (26),19,1894,L
156,114.,Chick Stahl (26),19,1899,L
157,114.,Chick Stahl (31),19,1904,L
158,114.,Garry Templeton (23),19,1979,B
159,114.,Cecil Travis (27),19,1941,L
160,114.,Pie Traynor+ (24),19,1923,R
161,114.,George Van Haltren (29),19,1895,L
162,114.,Arky Vaughan+ (21),19,1933,L
163,114.,Honus Wagner+ (29),19,1903,R
164,114.,Honus Wagner+ (34),19,1908,R
165,114.,Paul Waner+ (25),19,1928,L
166,114.,Walt Wilmot (25),19,1889,B
167,114.,George Wood (28),19,1887,L
168,169.,Charlie Abbey (27),18,1894,L
169,169.,Oyster Burns (27),18,1892,R
170,169.,Jim Canavan (24),18,1891,R
171,169.,Fred Clarke+ (23),18,1896,L
172,169.,Roger Connor+ (24),18,1882,B
173,169.,Joe Cronin+ (25),18,1932,R
174,169.,Ed Delahanty+ (25),18,1893,R
175,169.,Mike Donlin (25),18,1903,L
176,169.,Elmer Flick+ (29),18,1905,L
177,169.,Elmer Flick+ (31),18,1907,L
178,169.,Jack Fournier (25),18,1915,L
179,169.,Larry Gardner (26),18,1912,L
180,169.,Lou Gehrig+ (24),18,1927,L
181,169.,Ival Goodman (26),18,1935,L
182,169.,Goose Goslin+ (22),18,1923,L
183,169.,Jeff Heath (23),18,1938,L
184,169.,Billy Herman+ (29),18,1939,R
185,169.,Rogers Hornsby+ (25),18,1921,R
186,169.,Dick Johnston (25),18,1888,R
187,169.,Spud Johnson (33),18,1890,L
188,169.,Bill Joyce (22),18,1890,L
189,169.,Ed Konetchy (29),18,1915,R
190,169.,Hans Lobert (26),18,1908,R
191,169.,Bris Lord (26),18,1910,R
192,169.,Harry Lord (29),18,1911,L
193,169.,Harry Lumley (23),18,1904,L
194,169.,Fred Mann (26),18,1884,L
195,169.,Heinie Manush+ (25),18,1927,L
196,169.,Willie McGee (26),18,1985,B
197,169.,Joe Medwick+ (22),18,1934,R
198,169.,Minnie Minoso (28),18,1954,R
199,169.,Mike Mitchell (30),18,1910,R
200,169.,Danny Murphy (33),18,1910,R
201,169.,Stan Musial+ (27),18,1948,L
202,169.,Ray Powell (32),18,1921,L
203,169.,Carl Reynolds (27),18,1930,R
204,169.,Sam Rice+ (33),18,1923,L
205,169.,Hardy Richardson (32),18,1887,R
206,169.,Edd Roush+ (30),18,1923,L
207,169.,Howie Shanks (30),18,1921,R
208,169.,Billy Shindle (31),18,1892,R
209,169.,Frank Shugart (27),18,1894,L
210,169.,George Sisler+ (27),18,1920,L
211,169.,George Sisler+ (28),18,1921,L
212,169.,George Sisler+ (29),18,1922,L
213,169.,Tris Speaker+ (26),18,1914,L
214,169.,John Stone (29),18,1935,L
215,169.,Garry Templeton (21),18,1977,B
216,169.,Jack Tobin (29),18,1921,L
217,169.,Paul Waner+ (24),18,1927,L
218,169.,Paul Waner+ (27),18,1930,L
219,169.,Perry Werden (29),18,1891,R
220,169.,Glenn Wright (23),18,1924,R
221,222.,John Anderson (22),17,1896,B
222,222.,Carson Bigbee (26),17,1921,L
223,222.,Dan Brouthers+ (25),17,1883,L
224,222.,Bobby Byrne (26),17,1911,R
225,222.,Max Carey+ (24),17,1914,B
226,222.,Ed Cartwright (35),17,1895,R
227,222.,Ray Chapman (24),17,1915,R
228,222.,John Coleman (23),17,1886,L
229,222.,Eddie Collins+ (29),17,1916,L
230,222.,Jimmy Collins+ (33),17,1903,R
231,222.,Shano Collins (29),17,1915,R
232,222.,Roger Connor+ (30),17,1888,B
233,222.,Roger Connor+ (31),17,1889,B
234,222.,Sam Crawford+ (27),17,1907,L
235,222.,Kiki Cuyler+ (31),17,1930,R
236,222.,Ed Delahanty+ (28),17,1896,R
237,222.,Tommy Dowd (26),17,1895,R
238,222.,Woody English (24),17,1930,R
239,222.,Frank Fennelly (25),17,1885,R
240,222.,Frank Fennelly (26),17,1886,R
241,222.,Tony Fernandez (28),17,1990,B
242,222.,Chone Figgins (26),17,2004,B
243,222.,Elmer Flick+ (25),17,1901,L
244,222.,Elmer Flick+ (28),17,1904,L
245,222.,Jim Fogarty (25),17,1889,R
246,222.,Frankie Frisch+ (23),17,1921,B
247,222.,Ralph Garr (28),17,1974,L
248,222.,Charlie Gehringer+ (23),17,1926,L
249,222.,Lou Gehrig+ (27),17,1930,L
250,222.,Jim Gilliam (24),17,1953,B
251,222.,Goose Goslin+ (23),17,1924,L
252,222.,Charlie Grimm (22),17,1921,L
253,222.,Bill Hassamaer (29),17,1894,
254,222.,Charlie Hickman (24),17,1900,R
255,222.,Harry Hooper+ (32),17,1920,L
256,222.,Rogers Hornsby+ (21),17,1917,R
257,222.,Shoeless Joe Jackson (25),17,1913,L
258,222.,Shoeless Joe Jackson (29),17,1917,L
259,222.,Charley Jones (32),17,1884,R
260,222.,Charley Jones (33),17,1885,R
261,222.,Joe Kelley+ (28),17,1900,R
262,222.,Jim Kelly (31),17,1915,L
263,222.,Ed Konetchy (27),17,1913,R
264,222.,Bill Kuehne (27),17,1886,R
265,222.,Tommy Leach (25),17,1903,R
266,222.,Sherry Magee (20),17,1905,R
267,222.,Sherry Magee (25),17,1910,R
268,222.,Heinie Manush+ (31),17,1933,L
269,222.,Jack McCarthy (30),17,1899,L
270,222.,Ed McKean (31),17,1895,R
271,222.,Sam Mertes (28),17,1901,R
272,222.,Sam Mertes (32),17,1905,R
273,222.,Irish Meusel (29),17,1922,R
274,222.,Mike Mitchell (29),17,1909,R
275,222.,Danny Murphy (27),17,1904,R
276,222.,Freddy Parent (27),17,1903,R
277,222.,John Peltz (23),17,1884,R
278,222.,Pete Reiser (22),17,1941,L
279,222.,Jose Reyes (22),17,2005,B
280,222.,Jose Reyes (23),17,2006,B
281,222.,Braggo Roth (22),17,1915,R
282,222.,Jimmy Ryan (34),17,1897,R
283,222.,Russ Scarritt (26),17,1929,L
284,222.,Kip Selbach (22),17,1894,R
285,222.,Enos Slaughter+ (26),17,1942,L
286,222.,Mike Smith (29),17,1897,L
287,222.,Pop Smith (26),17,1883,R
288,222.,Fred Tenney (27),17,1899,L
289,222.,Pie Traynor+ (27),17,1926,R
290,222.,George Treadway (26),17,1893,L
291,222.,Arky Vaughan+ (25),17,1937,L
292,222.,Bobby Veach (31),17,1919,L
293,222.,Honus Wagner+ (41),17,1915,R
294,222.,Sam Wise (29),17,1887,L
295,222.,Sam Wise (35),17,1893,L
296,222.,Chicken Wolf (23),17,1885,R
297,222.,Heinie Zimmerman (24),17,1911,R
298,299.,Whitey Alpermann (27),16,1907,R
299,299.,Billy Alvord (26),16,1890,R
300,299.,Earl Averill+ (31),16,1933,L
301,299.,Jake Beckley+ (31),16,1899,L
302,299.,Sam Bohne (24),16,1921,R
303,299.,Kitty Bransfield (26),16,1901,R
304,299.,Pete Browning (26),16,1887,R
305,299.,Jesse Burkett+ (27),16,1896,L
306,299.,Johnny Callison (26),16,1965,L
307,299.,Rod Carew+ (31),16,1977,L
308,299.,Ty Cobb+ (26),16,1913,L
309,299.,Ty Cobb+ (34),16,1921,L
310,299.,Ty Cobb+ (35),16,1922,L
311,299.,Jimmy Collins+ (31),16,1901,R
312,299.,Earle Combs+ (34),16,1933,L
313,299.,Fred Corey (29),16,1884,R
314,299.,Gavvy Cravath (36),16,1917,R
315,299.,Carl Crawford (24),16,2006,L
316,299.,Sam Crawford+ (21),16,1901,L
317,299.,Sam Crawford+ (24),16,1904,L
318,299.,Sam Crawford+ (26),16,1906,L
319,299.,Sam Crawford+ (28),16,1908,L
320,299.,Birdie Cree (27),16,1910,R
321,299.,Kiki Cuyler+ (25),16,1924,R
322,299.,Jake Daubert (28),16,1912,L
323,299.,Harry Davis (22),16,1896,R
324,299.,Willie Davis (30),16,1970,L
325,299.,Ed Delahanty+ (33),16,1901,R
326,299.,Mike Donlin (27),16,1905,L
327,299.,Hugh Duffy+ (23),16,1890,R
328,299.,Hugh Duffy+ (27),16,1894,R
329,299.,Hank Edwards (27),16,1946,L
330,299.,Bob Elliott (27),16,1944,R
331,299.,Frank Fennelly (27),16,1887,R
332,299.,Hobe Ferris (30),16,1905,R
333,299.,Elmer Flick+ (24),16,1900,L
334,299.,Elmer Flick+ (27),16,1903,L
335,299.,Jack Fournier (35),16,1925,L
336,299.,John Ganzel (33),16,1907,R
337,299.,Charlie Gehringer+ (25),16,1928,L
338,299.,Ival Goodman (30),16,1939,L
339,299.,Hank Greenberg+ (24),16,1935,R
340,299.,Tommy Griffith (25),16,1915,L
341,299.,Topsy Hartsel (27),16,1901,L
342,299.,Harry Heilmann+ (29),16,1924,R
343,299.,Babe Herman (28),16,1931,L
344,299.,Charlie Hickman (28),16,1904,R
345,299.,Bill Hinchman (33),16,1916,R
346,299.,Solly Hofman (27),16,1910,R
347,299.,Bug Holliday (25),16,1892,R
348,299.,Dummy Hoy (36),16,1898,L
349,299.,Baby Doll Jacobson (31),16,1922,R
350,299.,Hughie Jennings+ (25),16,1894,R
351,299.,Bill Keister (27),16,1899,L
352,299.,Joe Kelley+ (21),16,1893,R
353,299.,John Kerins (26),16,1885,R
354,299.,Ed Konetchy (24),16,1910,R
355,299.,Mike Kreevich (29),16,1937,R
356,299.,Bill Kuehne (25),16,1884,R
357,299.,Candy LaChance (27),16,1897,B
358,299.,Bill Lange (24),16,1895,R
359,299.,Bill Lange (25),16,1896,R
360,299.,Henry Larkin (26),16,1886,R
361,299.,Tony Lazzeri+ (28),16,1932,R
362,299.,Tommy Leach (30),16,1908,R
363,299.,Buddy Lewis (22),16,1939,L
364,299.,Johnny Lindell (27),16,1944,R
365,299.,Denny Lyons (27),16,1893,R
366,299.,Sherry Magee (23),16,1908,R
367,299.,Mike Mansell (24),16,1882,L
368,299.,Bid McPhee+ (31),16,1891,R
369,299.,Sam Mertes (26),16,1899,R
370,299.,Bob Meusel (24),16,1921,R
371,299.,Bing Miller (34),16,1929,R
372,299.,Dusty Miller (26),16,1895,L
373,299.,Johnny Mize+ (25),16,1938,L
374,299.,Paul Molitor+ (22),16,1979,R
375,299.,John Morrill (28),16,1883,R
376,299.,Johnny Mostil (29),16,1925,R
377,299.,Joe Mulvey (31),16,1890,R
378,299.,Buddy Myer (28),16,1932,L
379,299.,Tip O'Neill (30),16,1890,R
380,299.,Jim O'Rourke+ (34),16,1885,R
381,299.,Jose Reyes (28),16,2011,B
382,299.,Jim Rivera (31),16,1953,L
383,299.,Edd Roush+ (27),16,1920,L
384,299.,Edd Roush+ (32),16,1925,L
385,299.,Babe Ruth+ (26),16,1921,L
386,299.,Otto Schomberg (22),16,1887,L
387,299.,Kip Selbach (25),16,1897,R
388,299.,Al Simmons+ (28),16,1930,R
389,299.,Germany Smith (28),16,1887,R
390,299.,Homer Smoot (27),16,1905,L
391,299.,Billy Southworth+ (30),16,1923,L
392,299.,Chick Stahl (27),16,1900,L
393,299.,Chick Stahl (28),16,1901,L
394,299.,Jake Stahl (29),16,1908,R
395,299.,Jake Stahl (31),16,1910,R
396,299.,Snuffy Stirnweiss (25),16,1944,R
397,299.,Amos Strunk (26),16,1915,L
398,299.,Gus Suhr (26),16,1932,L
399,299.,Marty Sullivan (24),16,1887,R
400,299.,Mike Tiernan (29),16,1896,L
401,299.,George Van Haltren (32),16,1898,L
402,299.,Shane Victorino (30),16,2011,R
403,299.,Honus Wagner+ (28),16,1902,R
404,299.,Honus Wagner+ (37),16,1911,R
405,299.,Curt Walker (28),16,1925,L
406,299.,Dixie Walker (26),16,1937,L
407,299.,Harry Walker (28),16,1947,L
408,299.,Tillie Walker (26),16,1914,R
409,299.,Paul Waner+ (30),16,1933,L
410,299.,Paul Waner+ (31),16,1934,L
411,299.,Gus Williams (25),16,1913,L
412,299.,Ross Youngs+ (24),16,1921,L
413,414.,Dale Alexander (26),15,1929,R
414,414.,Earl Averill+ (34),15,1936,L
415,414.,Earl Averill+ (36),15,1938,L
416,414.,Home Run Baker+ (24),15,1910,L
417,414.,Dave Bancroft+ (30),15,1921,B
418,414.,Red Barnes (24),15,1928,L
419,414.,Ollie Beard (28),15,1890,R
420,414.,Carson Bigbee (25),15,1920,L
421,414.,Carson Bigbee (27),15,1922,L
422,414.,Lu Blue (34),15,1931,B
423,414.,Jim Bottomley+ (27),15,1927,L
424,414.,Dave Brain (24),15,1903,R
425,414.,Dan Brouthers+ (26),15,1884,L
426,414.,Dan Brouthers+ (28),15,1886,L
427,414.,Bill Bruton (30),15,1956,L
428,414.,Jesse Burkett+ (24),15,1893,L
429,414.,Jesse Burkett+ (31),15,1900,L
430,414.,Jesse Burkett+ (32),15,1901,L
431,414.,Oyster Burns (23),15,1888,R
432,414.,Fred Carroll (22),15,1887,R
433,414.,Phil Cavarretta (27),15,1944,L
434,414.,Ben Chapman (23),15,1932,R
435,414.,Hal Chase (34),15,1917,R
436,414.,Gino Cimoli (32),15,1962,R
437,414.,Fred Clarke+ (28),15,1901,L
438,414.,Fred Clarke+ (30),15,1903,L
439,414.,Fred Clarke+ (32),15,1905,L
440,414.,Fred Clarke+ (35),15,1908,L
441,414.,Dave Collins (31),15,1984,B
442,414.,Eddie Collins+ (23),15,1910,L
443,414.,Earle Combs+ (30),15,1929,L
444,414.,Roger Connor+ (25),15,1883,B
445,414.,Roger Connor+ (27),15,1885,B
446,414.,Roger Connor+ (32),15,1890,B
447,414.,Tommy Corcoran (22),15,1891,R
448,414.,Tommy Corcoran (29),15,1898,R
449,414.,Carl Crawford (23),15,2005,L
450,414.,Sam Crawford+ (20),15,1900,L
451,414.,Kiki Cuyler+ (27),15,1926,R
452,414.,Bill Dahlen (23),15,1893,R
453,414.,Jake Daubert (26),15,1910,L
454,414.,Jake Daubert (34),15,1918,L
455,414.,George Davis+ (33),15,1904,B
456,414.,Harry Davis (24),15,1898,R
457,414.,Ed Delahanty+ (29),15,1897,R
458,414.,Joe DiMaggio+ (21),15,1936,R
459,414.,Joe DiMaggio+ (22),15,1937,R
460,414.,Jimmy Esmond (24),15,1914,R
461,414.,Steve Evans (29),15,1914,L
462,414.,Buck Ewing+ (28),15,1888,R
463,414.,Buck Ewing+ (30),15,1890,R
464,414.,Buck Ewing+ (32),15,1892,R
465,414.,Buck Ewing+ (33),15,1893,R
466,414.,Happy Felsch (28),15,1920,R
467,414.,Frank Fennelly (24),15,1884,R
468,414.,Hobe Ferris (26),15,1901,R
469,414.,Lou Finney (29),15,1940,L
470,414.,Lew Fonseca (30),15,1929,R
471,414.,Dexter Fowler (25),15,2011,B
472,414.,Buck Freeman (29),15,1901,L
473,414.,Frankie Frisch+ (26),15,1924,B
474,414.,Chick Gandil (24),15,1912,R
475,414.,Chick Gandil (27),15,1915,R
476,414.,Charlie Gehringer+ (27),15,1930,L
477,414.,Lou Gehrig+ (28),15,1931,L
478,414.,Grover Gilmore (26),15,1915,L
479,414.,Goose Goslin+ (25),15,1926,L
480,414.,Goose Goslin+ (26),15,1927,L
481,414.,Alfredo Griffin (22),15,1980,B
482,414.,Don Gutteridge (26),15,1938,R
483,414.,Billy Hamilton+ (28),15,1894,L
484,414.,Emmet Heidrick (26),15,1903,L
485,414.,Harry Heilmann+ (24),15,1919,R
486,414.,Harry Hooper+ (26),15,1914,L
487,414.,Rogers Hornsby+ (20),15,1916,R
488,414.,Bill Joyce (23),15,1891,L
489,414.,Joe Judge (23),15,1917,L
490,414.,Joe Judge (26),15,1920,L
491,414.,Joe Judge (28),15,1922,L
492,414.,Benny Kauff (26),15,1916,L
493,414.,Willie Keeler+ (23),15,1895,L
494,414.,Charlie Keller (23),15,1940,L
495,414.,Joe Kelley+ (26),15,1898,R
496,414.,Chuck Klein+ (27),15,1932,L
497,414.,Bill Kuehne (28),15,1887,R
498,414.,Nap Lajoie+ (29),15,1904,R
499,414.,Ray Lankford (24),15,1991,L
500,414.,Henry Larkin (30),15,1890,R
501,414.,Tony Lazzeri+ (26),15,1930,R
502,414.,Rabbit Maranville+ (28),15,1920,R
503,414.,Rabbit Maranville+ (30),15,1922,R
504,414.,Lefty Marr (26),15,1889,L
505,414.,Dan McGann (30),15,1902,B
506,414.,Ed McKean (24),15,1888,R
507,414.,Ed McKean (30),15,1894,R
508,414.,Lloyd Moseby (24),15,1984,L
509,414.,Wally Moses (34),15,1945,L
510,414.,Johnny Mostil (27),15,1923,R
511,414.,Johnny Mostil (30),15,1926,R
512,414.,Red Murray (24),15,1908,R
513,414.,Red Murray (27),15,1911,R
514,414.,Buddy Myer (29),15,1933,L
515,414.,Billy Nash (23),15,1888,R
516,414.,Angel Pagan (30),15,2012,B
517,414.,Fred Pfeffer (34),15,1894,R
518,414.,Bill Phillips (29),15,1886,R
519,414.,Wally Pipp (33),15,1926,L
520,414.,Del Pratt (24),15,1912,R
521,414.,Jim Rice+ (24),15,1977,R
522,414.,Jim Rice+ (25),15,1978,R
523,414.,Sam Rice+ (38),15,1928,L
524,414.,Red Rolfe (27),15,1936,L
525,414.,Eddie Rosario (23),15,2015,L
526,414.,Edd Roush+ (23),15,1916,L
527,414.,Pete Runnels (26),15,1954,L
528,414.,Jimmy Ryan (28),15,1891,R
529,414.,Juan Samuel (26),15,1987,R
530,414.,Frank Schulte (27),15,1910,L
531,414.,Emmett Seery (26),15,1887,L
532,414.,Cy Seymour (30),15,1903,L
533,414.,George Sisler+ (26),15,1919,L
534,414.,George Sisler+ (32),15,1925,L
535,414.,John Sneed (29),15,1890,L
536,414.,Billy Southworth+ (28),15,1921,L
537,414.,Stan Spence (27),15,1942,L
538,414.,John Stone (31),15,1937,L
539,414.,Ezra Sutton (33),15,1883,R
540,414.,Jackie Tavener (30),15,1928,L
541,414.,Bill Terry+ (31),15,1930,L
542,414.,Jack Tobin (31),15,1923,L
543,414.,Pie Traynor+ (32),15,1931,R
544,414.,George Van Haltren (25),15,1891,L
545,414.,Andy Van Slyke (27),15,1988,L
546,414.,Arky Vaughan+ (28),15,1940,L
547,414.,Bobby Veach (28),15,1916,L
548,414.,Bobby Veach (32),15,1920,L
549,414.,Curt Walker (32),15,1929,L
550,414.,Bobby Wallace+ (27),15,1901,R
551,414.,Paul Waner+ (26),15,1929,L
552,414.,Zack Wheat+ (22),15,1910,L
553,414.,Willie Wilson (24),15,1980,B
554,414.,Willie Wilson (26),15,1982,B
555,414.,Willie Wilson (31),15,1987,B
556,414.,Whitey Witt (20),15,1916,L
557,414.,Harry Wolter (26),15,1911,L
558,414.,George Wood (27),15,1886,L
559,414.,Glenn Wright (25),15,1926,R
