,Year,Rank,Name,Stat
0,2020,1.,Eugenio Suarez, 57
1,2020,1.,Rafael Devers, 57
2,2020,1.,Jose Ramirez, 57
3,2020,4.,Manny Machado, 56
4,2020,4.,Brian Anderson, 56
5,2020,6.,Kyle Seager, 53
6,2020,6.,Rio Ruiz, 53
7,2020,8.,Yoan Moncada, 52
8,2020,8.,Anthony Rendon, 52
9,2020,8.,Evan Longoria, 52
10,2019,1.,Eugenio Suarez, 158
11,2019,2.,Matt Chapman, 156
12,2019,3.,Nolan Arenado, 154
13,2019,4.,Rafael Devers, 152
14,2019,5.,Josh Donaldson, 148
15,2019,6.,Anthony Rendon, 146
16,2019,7.,Eduardo Escobar, 144
17,2019,8.,Yoan Moncada, 129
18,2019,9.,Jose Ramirez, 126
19,2019,10.,Justin Turner, 124
20,2018,1.,Kyle Seager, 154
21,2018,2.,Nolan Arenado, 152
22,2018,3.,Matt Chapman, 145
23,2018,4.,Eugenio Suarez, 143
24,2018,5.,Yolmer Sanchez, 141
25,2018,6.,Jeimer Candelario, 140
26,2018,7.,Jose Ramirez, 137
27,2018,8.,Anthony Rendon, 136
28,2018,8.,Alex Bregman, 136
29,2018,8.,Miguel Andujar, 136
30,2017,1.,Nolan Arenado, 157
31,2017,2.,Manny Machado, 156
32,2017,3.,Kyle Seager, 154
33,2017,4.,Eugenio Suarez, 153
34,2017,5.,Anthony Rendon, 145
35,2017,6.,Maikel Franco, 144
36,2017,6.,Jake Lamb, 144
37,2017,6.,Kris Bryant, 144
38,2017,9.,Travis Shaw, 143
39,2017,10.,Evan Longoria, 142
40,2016,1.,Nolan Arenado, 160
41,2016,2.,Kyle Seager, 156
42,2016,3.,Anthony Rendon, 155
43,2016,4.,Evan Longoria, 152
44,2016,5.,Eugenio Suarez, 151
45,2016,6.,Martin Prado, 150
46,2016,7.,Todd Frazier, 149
47,2016,8.,Maikel Franco, 148
48,2016,9.,Justin Turner, 144
49,2016,10.,Jake Lamb, 142
50,2015,1.,Kyle Seager, 160
51,2015,2.,Nolan Arenado, 157
52,2015,3.,Manny Machado, 156
53,2015,4.,Chase Headley, 155
54,2015,4.,Todd Frazier, 155
55,2015,6.,Josh Donaldson, 150
56,2015,7.,Evan Longoria, 148
57,2015,8.,Mike Moustakas, 146
58,2015,8.,Matt Carpenter, 146
59,2015,10.,Nicholas Castellanos, 145
60,2014,1.,Casey McGehee, 158
61,2014,2.,Kyle Seager, 157
62,2014,3.,Matt Carpenter, 156
63,2014,4.,Evan Longoria, 155
64,2014,5.,Matt Dominguez, 153
65,2014,6.,Pablo Sandoval, 151
66,2014,7.,Chris Johnson, 150
67,2014,7.,Josh Donaldson, 150
68,2014,9.,Nicholas Castellanos, 145
69,2014,10.,Mike Moustakas, 138
70,2013,1.,Kyle Seager, 160
71,2013,2.,Manny Machado, 156
72,2013,3.,Josh Donaldson, 155
73,2013,4.,Pedro Alvarez, 150
74,2013,5.,Matt Dominguez, 149
75,2013,6.,Evan Longoria, 147
76,2013,6.,Todd Frazier, 147
77,2013,8.,Adrian Beltre, 146
78,2013,9.,Miguel Cabrera, 145
79,2013,10.,Ryan Zimmerman, 141
80,2012,1.,Chase Headley, 159
81,2012,2.,David Wright, 155
82,2012,3.,Miguel Cabrera, 154
83,2012,4.,Mike Moustakas, 149
84,2012,5.,Ryan Zimmerman, 145
85,2012,5.,Pedro Alvarez, 145
86,2012,7.,Aramis Ramirez, 143
87,2012,8.,Kyle Seager, 138
88,2012,9.,David Freese, 134
89,2012,10.,Alberto Callaspo, 131
90,2011,1.,Danny Valencia, 147
91,2011,1.,Casey McGehee, 147
92,2011,3.,Aramis Ramirez, 145
93,2011,4.,Evan Longoria, 130
94,2011,5.,Alberto Callaspo, 129
95,2011,6.,Brent Morel, 125
96,2011,7.,Placido Polanco, 118
97,2011,8.,Daniel Descalso, 117
98,2011,9.,Chipper Jones, 116
99,2011,10.,Mark Reynolds, 114
100,2010,1.,Chase Headley, 158
101,2010,2.,David Wright, 155
102,2010,2.,Michael Young, 155
103,2010,4.,Adrian Beltre, 154
104,2010,5.,Casey McGehee, 153
105,2010,6.,Evan Longoria, 151
106,2010,7.,Brandon Inge, 144
107,2010,8.,Pablo Sandoval, 143
108,2010,9.,Kevin Kouzmanoff, 142
109,2010,9.,Jose Lopez, 142
110,2010,9.,Mark Reynolds, 142
111,2009,1.,Brandon Inge, 161
112,2009,2.,Pedro Feliz, 155
113,2009,3.,Chone Figgins, 154
114,2009,3.,Ryan Zimmerman, 154
115,2009,5.,Evan Longoria, 151
116,2009,6.,Andy LaRoche, 146
117,2009,7.,David Wright, 142
118,2009,8.,Kevin Kouzmanoff, 139
119,2009,9.,Casey Blake, 134
120,2009,9.,Michael Young, 134
121,2008,1.,David Wright, 159
122,2008,2.,Kevin Kouzmanoff, 154
123,2008,3.,Mark Reynolds, 150
124,2008,4.,Aramis Ramirez, 147
125,2008,5.,Troy Glaus, 146
126,2008,6.,Edwin Encarnacion, 143
127,2008,7.,Adrian Beltre, 139
128,2008,8.,Alex Gordon, 133
129,2008,8.,Casey Blake, 133
130,2008,10.,Alex Rodriguez, 131
131,2007,1.,Ryan Zimmerman, 161
132,2007,2.,David Wright, 159
133,2007,3.,Mike Lowell, 154
134,2007,3.,Alex Rodriguez, 154
135,2007,3.,Garrett Atkins, 154
136,2007,6.,Miguel Cabrera, 153
137,2007,7.,Brandon Inge, 150
138,2007,8.,Adrian Beltre, 147
139,2007,9.,Casey Blake, 145
140,2007,10.,Pedro Feliz, 143
141,2006,1.,Pedro Feliz, 159
142,2006,1.,Brandon Inge, 159
143,2006,3.,Miguel Cabrera, 157
144,2006,3.,Garrett Atkins, 157
145,2006,3.,Ryan Zimmerman, 157
146,2006,6.,Aramis Ramirez, 156
147,2006,7.,Adrian Beltre, 155
148,2006,8.,Melvin Mora, 154
149,2006,9.,David Wright, 153
150,2006,9.,Mike Lowell, 153
151,2005,1.,Alex Rodriguez, 161
152,2005,2.,David Wright, 160
153,2005,2.,Brandon Inge, 160
154,2005,4.,Hank Blalock, 158
155,2005,5.,Adrian Beltre, 155
156,2005,6.,Eric Chavez, 153
157,2005,7.,David Bell, 150
158,2005,8.,Morgan Ensberg, 148
159,2005,8.,Melvin Mora, 148
160,2005,10.,Troy Glaus, 145
161,2004,1.,Hank Blalock, 159
162,2004,2.,Tony Batista, 155
163,2004,2.,Alex Rodriguez, 155
164,2004,2.,Adrian Beltre, 155
165,2004,5.,Mike Lowell, 154
166,2004,6.,Eric Hinske, 153
167,2004,7.,Casey Blake, 152
168,2004,8.,Vinny Castilla, 148
169,2004,9.,Joe Crede, 144
170,2004,9.,Aramis Ramirez, 144
171,2003,1.,Aramis Ramirez, 159
172,2003,2.,Adrian Beltre, 157
173,2003,3.,Ty Wigginton, 155
174,2003,4.,Eric Chavez, 154
175,2003,4.,Tony Batista, 154
176,2003,6.,Scott Rolen, 153
177,2003,7.,Joe Crede, 151
178,2003,8.,Vinny Castilla, 147
179,2003,9.,Hank Blalock, 141
180,2003,10.,Casey Blake, 140
181,2002,1.,Mike Lowell, 159
182,2002,2.,Adrian Beltre, 157
183,2002,3.,Shea Hillenbrand, 156
184,2002,3.,Troy Glaus, 156
185,2002,5.,Scott Rolen, 155
186,2002,6.,Tony Batista, 154
187,2002,6.,Aaron Boone, 154
188,2002,8.,Eric Hinske, 148
189,2002,9.,Eric Chavez, 143
190,2002,10.,Jeff Cirillo, 141
191,2001,1.,Troy Glaus, 159
192,2001,2.,Aramis Ramirez, 157
193,2001,3.,Scott Rolen, 151
194,2001,4.,Corey Koskie, 150
195,2001,5.,Chipper Jones, 149
196,2001,5.,Eric Chavez, 149
197,2001,7.,Vinny Castilla, 145
198,2001,7.,Phil Nevin, 145
199,2001,9.,Mike Lowell, 144
200,2001,10.,Robin Ventura, 139
201,2000,1.,Troy Glaus, 156
202,2000,1.,Joe Randa, 156
203,2000,3.,Jeff Cirillo, 155
204,2000,4.,Tony Batista, 154
205,2000,4.,Travis Fryman, 154
206,2000,6.,Chipper Jones, 152
207,2000,7.,Eric Chavez, 146
208,2000,8.,Bill Mueller, 145
209,2000,9.,Phil Nevin, 142
210,2000,10.,Corey Koskie, 139
211,1999,1.,Robin Ventura, 160
212,1999,2.,Vinny Castilla, 157
213,1999,3.,Chipper Jones, 156
214,1999,3.,Joe Randa, 156
215,1999,5.,Jeff Cirillo, 155
216,1999,5.,Todd Zeile, 155
217,1999,7.,Troy Glaus, 153
218,1999,7.,Matt Williams, 153
219,1999,9.,Adrian Beltre, 152
220,1999,10.,Fernando Tatis, 147
221,1998,1.,Vinny Castilla, 162
222,1998,2.,Robin Ventura, 161
223,1998,2.,Cal Ripken Jr., 161
224,1998,4.,Scott Rolen, 159
225,1998,5.,Chipper Jones, 158
226,1998,6.,Todd Zeile, 157
227,1998,7.,John Valentin, 153
228,1998,8.,Scott Brosius, 150
229,1998,9.,Fernando Tatis, 149
230,1998,9.,Jeff Cirillo, 149
231,1997,1.,Cal Ripken Jr., 162
232,1997,2.,Todd Zeile, 160
233,1997,3.,Vinny Castilla, 157
234,1997,4.,Scott Rolen, 155
235,1997,5.,Travis Fryman, 153
236,1997,6.,Chipper Jones, 152
237,1997,7.,Matt Williams, 151
238,1997,8.,Jeff Cirillo, 150
239,1997,9.,Bobby Bonilla, 149
240,1997,10.,Edgardo Alfonzo, 143
241,1996,1.,Vinny Castilla, 160
242,1996,2.,Dean Palmer, 154
243,1996,2.,Jeff Cirillo, 154
244,1996,4.,Jim Thome, 150
245,1996,4.,Robin Ventura, 150
246,1996,6.,Terry Pendleton, 149
247,1996,7.,Ed Sprague, 148
248,1996,8.,Ken Caminiti, 145
249,1996,9.,Dave Hollins, 144
250,1996,10.,Charlie Hayes, 143
251,1995,1.,Travis Fryman, 144
252,1995,2.,Ken Caminiti, 143
253,1995,3.,Charlie Hayes, 141
254,1995,4.,Ed Sprague, 139
255,1995,5.,Vinny Castilla, 137
256,1995,6.,Jim Thome, 134
257,1995,7.,Terry Pendleton, 129
258,1995,8.,Mike Blowers, 126
259,1995,9.,Tim Naehring, 124
260,1995,10.,Gary Gaetti, 123
261,1995,10.,Chipper Jones, 123
262,1994,1.,Travis Fryman, 114
263,1994,2.,Tim Wallach, 113
264,1994,3.,Todd Zeile, 112
265,1994,4.,Matt Williams, 110
266,1994,4.,Charlie Hayes, 110
267,1994,6.,Robin Ventura, 108
268,1994,6.,Ken Caminiti, 108
269,1994,8.,Ed Sprague, 107
270,1994,8.,Bobby Bonilla, 107
271,1994,10.,Scott Cooper, 104
272,1993,1.,Terry Pendleton, 161
273,1993,2.,Jeff King, 156
274,1993,3.,Robin Ventura, 155
275,1993,4.,Scott Cooper, 154
276,1993,4.,Charlie Hayes, 154
277,1993,6.,Todd Zeile, 153
278,1993,7.,Ed Sprague, 150
279,1993,8.,Dean Palmer, 148
280,1993,8.,Chris Sabo, 148
281,1993,10.,Matt Williams, 144
282,1992,1.,Terry Pendleton, 158
283,1992,2.,Robin Ventura, 157
284,1992,3.,Dave Hollins, 156
285,1992,4.,Dean Palmer, 150
286,1992,5.,Gregg Jefferies, 146
287,1992,5.,Kevin Seitzer, 146
288,1992,7.,Matt Williams, 144
289,1992,7.,Gary Sheffield, 144
290,1992,9.,Steve Buechele, 143
291,1992,10.,Charlie Hayes, 139
292,1991,1.,Matt Williams, 155
293,1991,2.,Todd Zeile, 154
294,1991,3.,Ken Caminiti, 152
295,1991,3.,Gary Gaetti, 152
296,1991,5.,Chris Sabo, 151
297,1991,5.,Robin Ventura, 151
298,1991,7.,Tim Wallach, 149
299,1991,8.,Terry Pendleton, 148
300,1991,9.,Edgar Martinez, 144
301,1991,10.,Steve Buechele, 142
302,1990,1.,Tim Wallach, 161
303,1990,2.,Matt Williams, 159
304,1990,3.,Wade Boggs, 152
305,1990,3.,Kevin Seitzer, 152
306,1990,5.,Gary Gaetti, 151
307,1990,6.,Ken Caminiti, 149
308,1990,7.,Robin Ventura, 147
309,1990,8.,Charlie Hayes, 146
310,1990,8.,Chris Sabo, 146
311,1990,10.,Kelly Gruber, 145
312,1989,1.,Terry Pendleton, 161
313,1989,2.,Ken Caminiti, 160
314,1989,3.,Kevin Seitzer, 159
315,1989,4.,Bobby Bonilla, 156
316,1989,5.,Tim Wallach, 153
317,1989,6.,Wade Boggs, 152
318,1989,7.,Jeff Hamilton, 147
319,1989,8.,Craig Worthington, 145
320,1989,8.,Steve Buechele, 145
321,1989,10.,Brook Jacoby, 144
322,1988,1.,Bobby Bonilla, 159
323,1988,2.,Kelly Gruber, 156
324,1988,3.,Tim Wallach, 153
325,1988,3.,Steve Buechele, 153
326,1988,5.,Jack Howell, 152
327,1988,6.,Wade Boggs, 151
328,1988,6.,Brook Jacoby, 151
329,1988,8.,Vance Law, 150
330,1988,9.,Kevin Seitzer, 147
331,1988,10.,Jim Presley, 146
332,1987,1.,Terry Pendleton, 158
333,1987,2.,Tim Wallach, 150
334,1987,2.,Gary Gaetti, 150
335,1987,2.,Keith Moreland, 150
336,1987,5.,Jim Presley, 148
337,1987,6.,Mike Pagliarulo, 147
338,1987,7.,Wade Boggs, 145
339,1987,8.,Brook Jacoby, 144
340,1987,9.,Carney Lansford, 142
341,1987,9.,Buddy Bell, 142
342,1986,1.,Brook Jacoby, 158
343,1986,2.,Terry Pendleton, 156
344,1986,2.,Gary Gaetti, 156
345,1986,4.,Jim Presley, 155
346,1986,5.,Buddy Bell, 151
347,1986,5.,Jim Morrison, 151
348,1986,7.,Wade Boggs, 149
349,1986,8.,Mike Pagliarulo, 143
350,1986,9.,Steve Buechele, 137
351,1986,10.,Darnell Coles, 133
352,1985,1.,Wade Boggs, 161
353,1985,1.,Brook Jacoby, 161
354,1985,3.,Gary Gaetti, 156
355,1985,4.,Tim Wallach, 154
356,1985,4.,Jim Presley, 154
357,1985,6.,George Brett, 152
358,1985,7.,Tom Brookens, 151
359,1985,8.,Buddy Bell, 150
360,1985,9.,Terry Pendleton, 149
361,1985,10.,Ron Cey, 140
362,1984,1.,Tim Wallach, 160
363,1984,2.,Wade Boggs, 156
364,1984,3.,Gary Gaetti, 154
365,1984,4.,Carney Lansford, 151
366,1984,5.,Buddy Bell, 147
367,1984,6.,Mike Schmidt, 145
368,1984,7.,Ron Cey, 144
369,1984,8.,Doug DeCinces, 140
370,1984,9.,Vance Law, 137
371,1984,10.,Hubie Brooks, 129
372,1983,1.,Ron Cey, 157
373,1983,1.,Pedro Guerrero, 157
374,1983,3.,Tim Wallach, 156
375,1983,4.,Phil Garner, 154
376,1983,4.,Buddy Bell, 154
377,1983,4.,Gary Gaetti, 154
378,1983,7.,Mike Schmidt, 153
379,1983,7.,Wade Boggs, 153
380,1983,9.,Paul Molitor, 146
381,1983,10.,Hubie Brooks, 145
382,1982,1.,Toby Harrah, 159
383,1982,2.,Tim Wallach, 156
384,1982,3.,Doug DeCinces, 153
385,1982,4.,Paul Molitor, 150
386,1982,5.,Ron Cey, 149
387,1982,6.,Mike Schmidt, 148
388,1982,7.,Bill Madlock, 146
389,1982,8.,Buddy Bell, 145
390,1982,9.,Gary Gaetti, 142
391,1982,10.,Bob Horner, 137
392,1981,1.,Ray Knight, 105
393,1981,2.,Ken Oberkfell, 102
394,1981,3.,Toby Harrah, 101
395,1981,3.,Mike Schmidt, 101
396,1981,5.,Doug DeCinces, 100
397,1981,6.,John Castino, 98
398,1981,6.,Art Howe, 98
399,1981,8.,Graig Nettles, 97
400,1981,9.,Buddy Bell, 96
401,1981,10.,Larry Parrish, 95
402,1980,1.,Ray Knight, 162
403,1980,2.,Ron Cey, 157
404,1980,3.,Toby Harrah, 156
405,1980,4.,Enos Cabell, 150
406,1980,4.,Ken Reitz, 150
407,1980,4.,Carney Lansford, 150
408,1980,7.,Mike Schmidt, 149
409,1980,8.,Doug DeCinces, 142
410,1980,9.,Darrell Evans, 140
411,1980,10.,Tom Brookens, 138
412,1980,10.,John Castino, 138
413,1980,10.,Roy Howell, 138
414,1979,1.,Darrell Evans, 159
415,1979,2.,Ken Reitz, 158
416,1979,3.,Mike Schmidt, 157
417,1979,3.,Carney Lansford, 157
418,1979,5.,Larry Parrish, 153
419,1979,6.,Ron Cey, 150
420,1979,7.,Ray Knight, 149
421,1979,7.,George Brett, 149
422,1979,9.,Buddy Bell, 147
423,1979,10.,Graig Nettles, 144
424,1978,1.,Graig Nettles, 159
425,1978,2.,Ron Cey, 158
426,1978,3.,Pete Rose, 156
427,1978,4.,Darrell Evans, 155
428,1978,5.,Enos Cabell, 153
429,1978,6.,Ken Reitz, 150
430,1978,7.,Larry Parrish, 139
431,1978,7.,Buddy Bell, 139
432,1978,7.,Mike Schmidt, 139
433,1978,10.,Sal Bando, 134
434,1977,1.,Pete Rose, 161
435,1977,2.,Butch Hobson, 159
436,1977,2.,Toby Harrah, 159
437,1977,4.,Ken Reitz, 157
438,1977,5.,Graig Nettles, 156
439,1977,6.,Steve Ontiveros, 155
440,1977,7.,Ron Cey, 153
441,1977,8.,Mike Schmidt, 149
442,1977,9.,Doug DeCinces, 148
443,1977,10.,Bill Stein, 147
444,1976,1.,Mike Schmidt, 160
445,1976,2.,Pete Rose, 159
446,1976,3.,Buddy Bell, 158
447,1976,3.,Graig Nettles, 158
448,1976,5.,George Brett, 157
449,1976,6.,Ken Reitz, 155
450,1976,6.,Sal Bando, 155
451,1976,8.,Larry Parrish, 153
452,1976,9.,Hector Cruz, 148
453,1976,9.,Jerry Royster, 148
454,1975,1.,Ken Reitz, 160
455,1975,1.,Sal Bando, 160
456,1975,3.,George Brett, 159
457,1975,4.,Ron Cey, 158
458,1975,5.,Graig Nettles, 157
459,1975,6.,Darrell Evans, 156
460,1975,7.,Buddy Bell, 153
461,1975,8.,Mike Schmidt, 151
462,1975,8.,Aurelio Rodriguez, 151
463,1975,10.,Dave Chalk, 149
464,1974,1.,Mike Schmidt, 162
465,1974,2.,Darrell Evans, 160
466,1974,3.,Aurelio Rodriguez, 159
467,1974,4.,Ron Cey, 158
468,1974,5.,Don Money, 157
469,1974,6.,Graig Nettles, 154
470,1974,7.,Brooks Robinson, 153
471,1974,8.,Doug Rader, 152
472,1974,9.,Ken Reitz, 151
473,1974,10.,Wayne Garrett, 144
474,1973,1.,Aurelio Rodriguez, 160
475,1973,2.,Sal Bando, 159
476,1973,3.,Graig Nettles, 157
477,1973,4.,Brooks Robinson, 154
478,1973,4.,Buddy Bell, 154
479,1973,6.,Doug Rader, 152
480,1973,7.,Bill Melton, 151
481,1973,8.,Ron Cey, 146
482,1973,8.,Bob Bailey, 146
483,1973,8.,Darrell Evans, 146
484,1973,8.,Ron Santo, 146
485,1972,1.,Aurelio Rodriguez, 153
486,1972,2.,Brooks Robinson, 152
487,1972,2.,Doug Rader, 152
488,1972,4.,Sal Bando, 151
489,1972,4.,Don Money, 151
490,1972,6.,Graig Nettles, 150
491,1972,7.,Rico Petrocelli, 146
492,1972,8.,Ken McMullen, 137
493,1972,9.,Bob Bailey, 134
494,1972,10.,Denis Menke, 130
495,1971,1.,Joe Torre, 161
496,1971,1.,Paul Schaal, 161
497,1971,3.,Ken McMullen, 158
498,1971,3.,Graig Nettles, 158
499,1971,5.,Brooks Robinson, 156
500,1971,5.,Rico Petrocelli, 156
501,1971,7.,Aurelio Rodriguez, 153
502,1971,7.,Sal Bando, 153
503,1971,9.,Ron Santo, 149
504,1971,10.,Bill Melton, 148
505,1971,10.,Tony Perez, 148
506,1970,1.,Brooks Robinson, 156
507,1970,2.,Doug Rader, 154
508,1970,2.,Graig Nettles, 154
509,1970,4.,Tony Perez, 153
510,1970,4.,Aurelio Rodriguez, 153
511,1970,6.,Ron Santo, 152
512,1970,6.,Sal Bando, 152
513,1970,8.,Harmon Killebrew, 138
514,1970,9.,Ken McMullen, 137
515,1970,10.,Jerry Kenney, 135
516,1969,1.,Sal Bando, 162
517,1969,2.,Tony Perez, 160
518,1969,2.,Ron Santo, 160
519,1969,4.,Aurelio Rodriguez, 159
520,1969,5.,Coco Laboy, 156
521,1969,5.,Brooks Robinson, 156
522,1969,7.,Doug Rader, 154
523,1969,7.,Ken McMullen, 154
524,1969,9.,Mike Shannon, 149
525,1969,10.,Bill Melton, 148
526,1968,1.,Brooks Robinson, 162
527,1968,1.,Sal Bando, 162
528,1968,1.,Ron Santo, 162
529,1968,4.,Tony Perez, 160
530,1968,5.,Mike Shannon, 156
531,1968,6.,Don Wert, 150
532,1968,7.,Joe Foy, 147
533,1968,8.,Ken McMullen, 145
534,1968,9.,Maury Wills, 141
535,1968,10.,Tony Taylor, 138
536,1967,1.,Max Alvis, 161
537,1967,1.,Ron Santo, 161
538,1967,3.,Brooks Robinson, 158
539,1967,4.,Clete Boyer, 150
540,1967,5.,Ken McMullen, 145
541,1967,6.,Maury Wills, 144
542,1967,7.,Don Wert, 140
543,1967,8.,Tony Perez, 139
544,1967,9.,Bob Aspromonte, 133
545,1967,10.,Mike Shannon, 122
546,1966,1.,Brooks Robinson, 157
547,1966,1.,Max Alvis, 157
548,1966,3.,Ron Santo, 152
549,1966,4.,Don Wert, 150
550,1966,5.,Bob Aspromonte, 149
551,1966,6.,Ken McMullen, 141
552,1966,7.,Joe Foy, 139
553,1966,7.,Jim Ray Hart, 139
554,1966,9.,Don Buford, 133
555,1966,10.,Paul Schaal, 131
556,1965,1.,Ron Santo, 164
557,1965,2.,Don Wert, 161
558,1965,3.,Dick Allen, 160
559,1965,4.,Deron Johnson, 159
560,1965,5.,Max Alvis, 156
561,1965,6.,Paul Schaal, 153
562,1965,6.,Eddie Mathews, 153
563,1965,8.,Clete Boyer, 147
564,1965,9.,Bob Aspromonte, 146
565,1965,10.,Jim Ray Hart, 144
566,1964,1.,Brooks Robinson, 163
567,1964,2.,Dick Allen, 162
568,1964,2.,Ken Boyer, 162
569,1964,4.,Ron Santo, 161
570,1964,5.,Bob Aspromonte, 155
571,1964,6.,Jim Ray Hart, 149
572,1964,7.,Ed Charles, 147
573,1964,8.,Rich Rollins, 146
574,1964,9.,Frank Malzone, 143
575,1964,10.,Don Wert, 142
576,1963,1.,Ron Santo, 162
577,1963,2.,Brooks Robinson, 160
578,1963,3.,Ken Boyer, 159
579,1963,4.,Ed Charles, 158
580,1963,4.,Max Alvis, 158
581,1963,6.,Pete Ward, 154
582,1963,7.,Bob Bailey, 153
583,1963,8.,Frank Malzone, 148
584,1963,9.,Clete Boyer, 141
585,1963,10.,Rich Rollins, 132
586,1962,1.,Brooks Robinson, 162
587,1962,2.,Ken Boyer, 160
588,1962,3.,Rich Rollins, 159
589,1962,4.,Clete Boyer, 157
590,1962,4.,Ron Santo, 157
591,1962,6.,Frank Malzone, 156
592,1962,7.,Bubba Phillips, 145
593,1962,8.,Bob Aspromonte, 142
594,1962,9.,Jim Davenport, 141
595,1962,10.,Ed Charles, 140
596,1962,10.,Eddie Mathews, 140
597,1961,1.,Brooks Robinson, 163
598,1961,2.,Ron Santo, 153
599,1961,2.,Ken Boyer, 153
600,1961,4.,Gene Freese, 151
601,1961,4.,Eddie Mathews, 151
602,1961,6.,Frank Malzone, 149
603,1961,7.,Bubba Phillips, 143
604,1961,7.,Don Hoak, 143
605,1961,9.,Clete Boyer, 141
606,1961,10.,Jim Davenport, 132
607,1960,1.,Don Hoak, 155
608,1960,2.,Eddie Mathews, 153
609,1960,3.,Brooks Robinson, 152
610,1960,4.,Frank Malzone, 151
611,1960,5.,Ken Boyer, 146
612,1960,6.,Eddie Yost, 142
613,1960,7.,Jim Gilliam, 130
614,1960,8.,Gene Freese, 122
615,1960,9.,Reno Bertoia, 112
616,1960,10.,Jim Davenport, 103
617,1959,1.,Don Hoak, 155
618,1959,2.,Frank Malzone, 154
619,1959,3.,Harmon Killebrew, 150
620,1959,4.,Eddie Mathews, 148
621,1959,5.,Eddie Yost, 146
622,1959,6.,Ken Boyer, 143
623,1959,7.,Jim Gilliam, 132
624,1959,8.,Al Dark, 131
625,1959,9.,Jim Davenport, 121
626,1959,10.,Willie Jones, 118
627,1958,1.,Frank Malzone, 155
628,1958,2.,Eddie Mathews, 149
629,1958,3.,Ken Boyer, 144
630,1958,4.,Brooks Robinson, 140
631,1958,5.,Frank Thomas, 139
632,1958,6.,Jim Davenport, 130
633,1958,7.,Al Dark, 119
634,1958,8.,Eddie Yost, 114
635,1958,9.,Don Hoak, 112
636,1958,10.,Billy Goodman, 111
637,1957,1.,Frank Malzone, 153
638,1957,2.,Don Hoak, 149
639,1957,3.,Eddie Mathews, 147
640,1957,4.,Willie Jones, 126
641,1957,5.,Eddie Kasko, 120
642,1957,6.,Hector Lopez, 111
643,1957,7.,Eddie Yost, 107
644,1957,8.,Bubba Phillips, 97
645,1957,9.,Al Smith, 84
646,1957,10.,Reno Bertoia, 83
647,1956,1.,Eddie Mathews, 150
648,1956,2.,Willie Jones, 149
649,1956,2.,Ken Boyer, 149
650,1956,4.,Eddie Yost, 135
651,1956,5.,Andy Carey, 131
652,1956,6.,Ray Boone, 130
653,1956,7.,Ray Jablonski, 127
654,1956,8.,Hector Lopez, 121
655,1956,9.,Al Rosen, 116
656,1956,10.,George Kell, 115
657,1955,1.,Willie Jones, 146
658,1955,2.,Ken Boyer, 139
659,1955,3.,Eddie Mathews, 137
660,1955,4.,Andy Carey, 135
661,1955,5.,Randy Jackson, 134
662,1955,6.,Ray Boone, 126
663,1955,7.,Hank Thompson, 124
664,1955,8.,Grady Hatton, 111
665,1955,9.,Eddie Yost, 107
666,1955,10.,Al Rosen, 106
667,1954,1.,Eddie Yost, 155
668,1954,2.,Ray Jablonski, 149
669,1954,3.,Ray Boone, 148
670,1954,4.,Willie Jones, 141
671,1954,5.,Jim Finigan, 136
672,1954,6.,Hank Thompson, 130
673,1954,7.,Eddie Mathews, 127
674,1954,8.,Randy Jackson, 124
675,1954,9.,Andy Carey, 120
676,1954,10.,Grady Hatton, 103
677,1953,1.,Eddie Mathews, 157
678,1953,1.,Ray Jablonski, 157
679,1953,3.,Al Rosen, 154
680,1953,4.,Eddie Yost, 152
681,1953,5.,Bobby Adams, 150
682,1953,6.,Willie Jones, 147
683,1953,7.,Gil McDougald, 136
684,1953,8.,Randy Jackson, 133
685,1953,9.,George Kell, 124
686,1953,10.,Danny O'Connell, 104
687,1952,1.,Eddie Yost, 157
688,1952,2.,Bobby Adams, 154
689,1952,3.,Al Rosen, 147
690,1952,3.,Willie Jones, 147
691,1952,5.,Eddie Mathews, 142
692,1952,6.,Fred Hatfield, 124
693,1952,7.,Gil McDougald, 117
694,1952,8.,Héctor Rodríguez, 113
695,1952,9.,George Kell, 112
696,1952,10.,Randy Jackson, 104
697,1952,10.,Billy Hitchcock, 104
698,1951,1.,Al Rosen, 154
699,1951,2.,Eddie Yost, 152
700,1951,3.,George Kell, 147
701,1951,3.,Willie Jones, 147
702,1951,5.,Randy Jackson, 143
703,1951,6.,Billy Cox, 139
704,1951,7.,Billy Johnson, 137
705,1951,8.,Bob Elliott, 127
706,1951,9.,Fred Marsh, 117
707,1951,10.,Pete Castiglione, 99
708,1950,1.,Willie Jones, 157
709,1950,1.,George Kell, 157
710,1950,3.,Eddie Yost, 155
711,1950,4.,Al Rosen, 154
712,1950,5.,Hank Thompson, 138
713,1950,6.,Bob Elliott, 137
714,1950,7.,Bob Dillinger, 135
715,1950,8.,Grady Hatton, 126
716,1950,9.,Bill Serena, 125
717,1950,10.,Johnny Pesky, 116
718,1949,1.,Johnny Pesky, 148
719,1949,2.,Willie Jones, 145
720,1949,3.,Grady Hatton, 136
721,1949,4.,George Kell, 134
722,1949,5.,Bob Dillinger, 133
723,1949,6.,Bob Elliott, 130
724,1949,7.,Sid Gordon, 123
725,1949,8.,Floyd Baker, 122
726,1949,8.,Eddie Yost, 122
727,1949,10.,Hank Majeski, 113
728,1948,1.,Ken Keltner, 153
729,1948,1.,Bob Dillinger, 153
730,1948,3.,Bob Elliott, 150
731,1948,4.,Eddie Yost, 145
732,1948,5.,Hank Majeski, 142
733,1948,6.,Johnny Pesky, 141
734,1948,7.,Andy Pafko, 139
735,1948,8.,Grady Hatton, 123
736,1948,9.,Frankie Gustine, 118
737,1948,9.,Billy Johnson, 118
738,1947,1.,Frankie Gustine, 156
739,1947,2.,George Kell, 152
740,1947,3.,Ken Keltner, 150
741,1947,4.,Bob Elliott, 148
742,1947,5.,Whitey Kurowski, 141
743,1947,6.,Bob Dillinger, 137
744,1947,7.,Grady Hatton, 136
745,1947,8.,Hank Majeski, 134
746,1947,9.,Billy Johnson, 132
747,1947,10.,Spider Jorgensen, 128
748,1946,1.,Whitey Kurowski, 138
749,1946,2.,George Kell, 131
750,1946,3.,Jim Tabor, 124
751,1946,4.,Grady Hatton, 116
752,1946,5.,Ken Keltner, 112
753,1946,6.,Lee Handley, 102
754,1946,7.,Stan Hack, 90
755,1946,8.,Nanny Fernandez, 81
756,1946,9.,Snuffy Stirnweiss, 79
757,1946,10.,Mark Christman, 77
758,1945,1.,Steve Mesner, 148
759,1945,2.,George Kell, 147
760,1945,3.,Stan Hack, 146
761,1945,4.,Oscar Grimes, 141
762,1945,5.,Whitey Kurowski, 131
763,1945,6.,Bob Maier, 124
764,1945,7.,Nap Reyes, 115
765,1945,8.,Don Ross, 114
766,1945,9.,Tony Cuccinello, 112
767,1945,10.,Harlond Clift, 111
768,1944,1.,Ken Keltner, 149
769,1944,2.,Whitey Kurowski, 146
770,1944,2.,Pinky Higgins, 146
771,1944,4.,Mark Christman, 145
772,1944,5.,Bob Elliott, 140
773,1944,6.,George Kell, 139
774,1944,7.,Gil Torres, 123
775,1944,8.,Steve Mesner, 120
776,1944,9.,Jim Tabor, 114
777,1944,10.,Frenchy Bordagaray, 98
778,1943,1.,Billy Johnson, 155
779,1943,2.,Bob Elliott, 151
780,1943,3.,Pinky Higgins, 138
781,1943,4.,Whitey Kurowski, 137
782,1943,5.,Stan Hack, 136
783,1943,6.,Jim Tabor, 133
784,1943,7.,Pinky May, 132
785,1943,8.,Steve Mesner, 130
786,1943,9.,Eddie Mayo, 123
787,1943,10.,Harlond Clift, 112
788,1942,1.,Ken Keltner, 151
789,1942,2.,Bert Haas, 146
790,1942,3.,Bob Elliott, 142
791,1942,4.,Harlond Clift, 141
792,1942,5.,Stan Hack, 139
793,1942,6.,Jim Tabor, 138
794,1942,7.,Pinky Higgins, 137
795,1942,8.,Buddy Blair, 126
796,1942,9.,Arky Vaughan, 119
797,1942,10.,Pinky May, 107
798,1941,1.,Harlond Clift, 154
799,1941,2.,Stan Hack, 150
800,1941,3.,Ken Keltner, 149
801,1941,4.,Pinky Higgins, 145
802,1941,5.,Pinky May, 140
803,1941,6.,Sibby Sisti, 137
804,1941,7.,Pete Suder, 136
805,1941,8.,Red Rolfe, 134
806,1941,9.,Jim Tabor, 125
807,1941,10.,Jimmy Brown, 123
808,1940,1.,Bob Kennedy, 154
809,1940,2.,Stan Hack, 148
810,1940,2.,Ken Keltner, 148
811,1940,4.,Harlond Clift, 147
812,1940,5.,Billy Werber, 143
813,1940,6.,Red Rolfe, 138
814,1940,7.,Pinky May, 135
815,1940,8.,Pinky Higgins, 129
816,1940,9.,Jim Tabor, 120
817,1940,10.,Cookie Lavagetto, 116
818,1939,1.,Stan Hack, 156
819,1939,2.,Ken Keltner, 154
820,1939,3.,Red Rolfe, 152
821,1939,4.,Cookie Lavagetto, 149
822,1939,4.,Harlond Clift, 149
823,1939,6.,Jim Tabor, 148
824,1939,7.,Billy Werber, 147
825,1939,8.,Don Gutteridge, 143
826,1939,9.,Buddy Lewis, 134
827,1939,10.,Pinky May, 132
828,1938,1.,Stan Hack, 152
829,1938,2.,Buddy Lewis, 151
830,1938,2.,Red Rolfe, 151
831,1938,4.,Ken Keltner, 149
832,1938,4.,Harlond Clift, 149
833,1938,6.,Lew Riggs, 140
834,1938,6.,Marv Owen, 140
835,1938,8.,Pinky Higgins, 138
836,1938,9.,Lee Handley, 136
837,1938,10.,Billy Werber, 134
838,1937,1.,Buddy Lewis, 156
839,1937,2.,Harlond Clift, 155
840,1937,3.,Red Rolfe, 154
841,1937,4.,Pinky Higgins, 152
842,1937,5.,Stan Hack, 150
843,1937,6.,Pinky Whitney, 130
844,1937,7.,Billy Werber, 125
845,1937,8.,Bill Brubaker, 115
846,1937,9.,Marv Owen, 106
847,1937,10.,Don Gutteridge, 105
848,1936,1.,Marv Owen, 153
849,1936,2.,Harlond Clift, 152
850,1936,3.,Odell Hale, 148
851,1936,4.,Pinky Higgins, 145
852,1936,4.,Bill Brubaker, 145
853,1936,6.,Lew Riggs, 140
854,1936,6.,Stan Hack, 140
855,1936,8.,Buddy Lewis, 139
856,1936,9.,Red Rolfe, 133
857,1936,10.,Jimmy Dykes, 125
858,1935,1.,Odell Hale, 149
859,1935,2.,Johnny Vergez, 148
860,1935,3.,Red Rolfe, 136
861,1935,4.,Lew Riggs, 135
862,1935,5.,Pinky Higgins, 131
863,1935,5.,Marv Owen, 131
864,1935,7.,Travis Jackson, 128
865,1935,8.,Harlond Clift, 127
866,1935,9.,Billy Werber, 123
867,1935,10.,Pepper Martin, 114
868,1935,10.,Cecil Travis, 114
869,1934,1.,Marv Owen, 154
870,1934,2.,Pinky Higgins, 144
871,1934,3.,Harlond Clift, 141
872,1934,4.,Billy Werber, 130
873,1934,5.,Willie Kamm, 118
874,1934,6.,Pinky Whitney, 111
875,1934,7.,Pie Traynor, 110
876,1934,8.,Stan Hack, 109
877,1934,9.,Pepper Martin, 107
878,1934,10.,Johnny Vergez, 104
879,1933,1.,Pie Traynor, 154
880,1933,2.,Pinky Higgins, 152
881,1933,3.,Jimmy Dykes, 151
882,1933,4.,Pepper Martin, 145
883,1933,5.,Joe Stripp, 140
884,1933,6.,Ossie Bluege, 138
885,1933,7.,Marv Owen, 136
886,1933,8.,Sparky Adams, 135
887,1933,9.,Willie Kamm, 131
888,1933,9.,Joe Sewell, 131
889,1932,1.,Pinky Whitney, 151
890,1932,2.,Ossie Bluege, 149
891,1932,3.,Willie Kamm, 148
892,1932,4.,Jimmy Dykes, 141
893,1932,5.,Pie Traynor, 127
894,1932,6.,Urbane Pickering, 126
895,1932,7.,Joe Sewell, 123
896,1932,8.,Wally Gilbert, 111
897,1932,8.,Johnny Vergez, 111
898,1932,10.,Joe Stripp, 93
899,1932,10.,Woody English, 93
900,1931,1.,Pie Traynor, 155
901,1931,2.,Johnny Vergez, 152
902,1931,2.,Ossie Bluege, 152
903,1931,4.,Wally Gilbert, 145
904,1931,5.,Sparky Adams, 138
905,1931,6.,Willie Kamm, 132
906,1931,7.,Pinky Whitney, 128
907,1931,8.,Joe Sewell, 121
908,1931,9.,Joe Stripp, 96
909,1931,10.,Marty McManus, 90
910,1930,1.,Wally Gilbert, 150
911,1930,2.,Freddie Lindstrom, 148
912,1930,2.,Pinky Whitney, 148
913,1930,4.,Ossie Bluege, 134
914,1930,5.,Marty McManus, 130
915,1930,5.,Pie Traynor, 130
916,1930,7.,Jimmy Dykes, 123
917,1930,8.,Tony Cuccinello, 109
918,1930,9.,Willie Kamm, 106
919,1930,10.,Sparky Adams, 104
920,1929,1.,Pinky Whitney, 154
921,1929,2.,Joe Sewell, 152
922,1929,3.,Frank O'Rourke, 151
923,1929,4.,Marty McManus, 150
924,1929,5.,Willie Kamm, 145
925,1929,6.,Wally Gilbert, 142
926,1929,7.,Bobby Reeves, 131
927,1929,8.,Pie Traynor, 130
928,1929,9.,Freddie Lindstrom, 128
929,1929,10.,Les Bell, 127
930,1928,1.,Willie Kamm, 155
931,1928,2.,Freddie Lindstrom, 153
932,1928,2.,Les Bell, 153
933,1928,4.,Pinky Whitney, 149
934,1928,5.,Buddy Myer, 144
935,1928,5.,Ossie Bluege, 144
936,1928,5.,Pie Traynor, 144
937,1928,8.,Chuck Dressen, 135
938,1928,9.,Johnny Hodapp, 101
939,1928,10.,Frank O'Rourke, 96
940,1927,1.,Willie Kamm, 146
941,1927,1.,Ossie Bluege, 146
942,1927,3.,Pie Traynor, 143
943,1927,4.,Chuck Dressen, 142
944,1927,5.,Jack Warner, 138
945,1927,6.,Sammy Hale, 128
946,1927,7.,Frank O'Rourke, 121
947,1927,8.,Joe Dugan, 111
948,1927,9.,Bernie Friberg, 103
949,1927,10.,Les Bell, 100
950,1926,1.,Les Bell, 155
951,1926,2.,Pie Traynor, 148
952,1926,3.,Willie Kamm, 142
953,1926,3.,Rube Lutzke, 142
954,1926,5.,Freddie Lindstrom, 138
955,1926,6.,Fred Haney, 137
956,1926,7.,Howard Freigau, 135
957,1926,8.,Ossie Bluege, 134
958,1926,9.,Chuck Dressen, 123
959,1926,10.,Joe Dugan, 122
960,1925,1.,Gene Robertson, 154
961,1925,2.,Les Bell, 153
962,1925,3.,Willie Kamm, 152
963,1925,4.,Pie Traynor, 150
964,1925,5.,Ossie Bluege, 144
965,1925,6.,Clarence Huber, 120
966,1925,7.,Babe Pinelli, 109
967,1925,8.,Doc Prothro, 108
968,1925,9.,Fred Haney, 106
969,1925,10.,Freddie Lindstrom, 96
970,1925,10.,Howard Freigau, 96
971,1925,10.,Joe Dugan, 96
972,1925,10.,Sammy Hale, 96
973,1924,1.,Joe Dugan, 148
974,1924,2.,Willie Kamm, 146
975,1924,3.,Heinie Groh, 145
976,1924,4.,Babe Pinelli, 143
977,1924,5.,Milt Stock, 142
978,1924,5.,Bernie Friberg, 142
979,1924,7.,Pie Traynor, 141
980,1924,8.,Ernie Padgett, 113
981,1924,9.,Gene Robertson, 111
982,1924,10.,Bob Jones, 106
983,1923,1.,Pie Traynor, 152
984,1923,2.,Milt Stock, 150
985,1923,3.,Willie Kamm, 149
986,1923,4.,Tony Boeckel, 147
987,1923,5.,Bernie Friberg, 146
988,1923,5.,Joe Dugan, 146
989,1923,7.,Rube Lutzke, 141
990,1923,8.,Heinie Groh, 118
991,1923,9.,Babe Pinelli, 116
992,1923,10.,Sammy Hale, 107
993,1922,1.,Babe Pinelli, 156
994,1922,2.,Milt Stock, 149
995,1922,3.,Jimmy Dykes, 141
996,1922,4.,Andy High, 130
997,1922,5.,Larry Gardner, 128
998,1922,6.,Joe Dugan, 124
999,1922,6.,Pie Traynor, 124
1000,1922,8.,Bob Jones, 119
1001,1922,9.,Goldie Rapp, 117
1002,1922,10.,Heinie Groh, 110
1003,1921,1.,Howie Shanks, 154
1004,1921,2.,Tony Boeckel, 153
1005,1921,3.,Larry Gardner, 152
1006,1921,4.,Eddie Mulligan, 151
1007,1921,5.,Jimmy Johnston, 150
1008,1921,6.,Milt Stock, 149
1009,1921,7.,Bob Jones, 141
1010,1921,8.,Joe Dugan, 119
1011,1921,9.,Clyde Barnhart, 118
1012,1921,10.,Charlie Deal, 112
1013,1920,1.,Milt Stock, 155
1014,1920,2.,Larry Gardner, 154
1015,1920,3.,Tony Boeckel, 149
1016,1920,4.,Jimmy Johnston, 146
1017,1920,5.,Heinie Groh, 144
1018,1920,6.,Charlie Deal, 128
1019,1920,7.,Buck Weaver, 127
1020,1920,8.,Possum Whitted, 125
1021,1920,9.,Aaron Ward, 114
1022,1920,10.,Frankie Frisch, 109
1023,1919,1.,Home Run Baker, 141
1024,1919,2.,Larry Gardner, 139
1025,1919,3.,Tony Boeckel, 138
1026,1919,4.,Ossie Vitt, 133
1027,1919,5.,Bob Jones, 127
1028,1919,6.,Fred Thomas, 124
1029,1919,7.,Heinie Zimmerman, 123
1030,1919,8.,Heinie Groh, 121
1031,1919,9.,Charlie Deal, 116
1032,1919,10.,Eddie Foster, 115
1033,1918,1.,Larry Gardner, 127
1034,1918,1.,Eddie Foster, 127
1035,1918,3.,Heinie Groh, 126
1036,1918,3.,Home Run Baker, 126
1037,1918,3.,Bill McKechnie, 126
1038,1918,6.,Milt Stock, 123
1039,1918,7.,Ollie O'Mara, 121
1040,1918,8.,Red Smith, 119
1041,1918,9.,Charlie Deal, 118
1042,1918,10.,Heinie Zimmerman, 100
1043,1917,1.,Heinie Groh, 154
1044,1917,2.,Heinie Zimmerman, 149
1045,1917,3.,Red Smith, 147
1046,1917,4.,Larry Gardner, 146
1047,1917,4.,Home Run Baker, 146
1048,1917,6.,Doug Baird, 144
1049,1917,7.,Ossie Vitt, 140
1050,1917,8.,Milt Stock, 133
1051,1917,9.,Charlie Deal, 130
1052,1917,10.,Joe Evans, 127
1053,1916,1.,Ossie Vitt, 151
1054,1916,2.,Red Smith, 150
1055,1916,3.,Larry Gardner, 147
1056,1916,4.,Mike Mowrey, 144
1057,1916,5.,Heinie Zimmerman, 125
1058,1916,6.,Jimmy Austin, 124
1059,1916,7.,Milt Stock, 117
1060,1916,8.,Heinie Groh, 110
1061,1916,9.,Charlie Pick, 108
1062,1916,10.,Bill McKechnie, 106
1063,1915,1.,Red Smith, 157
1064,1915,2.,Ossie Vitt, 151
1065,1915,2.,Mike Mowrey, 151
1066,1915,4.,Jimmy Austin, 141
1067,1915,5.,Fritz Maisel, 134
1068,1915,6.,Heinie Groh, 131
1069,1915,7.,Gus Getz, 128
1070,1915,8.,Larry Gardner, 127
1071,1915,9.,Doug Baird, 120
1072,1915,10.,Bill McKechnie, 117
1073,1914,1.,Eddie Foster, 157
1074,1914,2.,Larry Gardner, 153
1075,1914,3.,Red Smith, 150
1076,1914,4.,Home Run Baker, 149
1077,1914,4.,Tex Wisterzil, 149
1078,1914,4.,Bill McKechnie, 149
1079,1914,7.,Fritz Maisel, 148
1080,1914,8.,Al Boucher, 147
1081,1914,9.,Bert Niehoff, 134
1082,1914,10.,Hans Lobert, 133
1083,1913,1.,Red Smith, 151
1084,1913,2.,Harry Lord, 150
1085,1913,3.,Home Run Baker, 149
1086,1913,4.,Hans Lobert, 145
1087,1913,5.,Jimmy Austin, 142
1088,1913,6.,Mike Mowrey, 131
1089,1913,7.,Larry Gardner, 130
1090,1913,8.,Heinie Zimmerman, 125
1091,1913,8.,Bobby Byrne, 125
1092,1913,10.,Eddie Foster, 105
1093,1912,1.,Eddie Foster, 154
1094,1912,2.,Jimmy Austin, 149
1095,1912,2.,Home Run Baker, 149
1096,1912,4.,Larry Gardner, 143
1097,1912,5.,Buck Herzog, 140
1098,1912,6.,Bobby Byrne, 130
1099,1912,7.,Art Phelan, 127
1100,1912,8.,Red Smith, 125
1101,1912,9.,Heinie Zimmerman, 121
1102,1912,10.,Ed McDonald, 118
1103,1911,1.,Bobby Byrne, 152
1104,1911,2.,Jimmy Austin, 148
1105,1911,2.,Home Run Baker, 148
1106,1911,4.,Hans Lobert, 147
1107,1911,5.,Harry Lord, 138
1108,1911,6.,Mike Mowrey, 134
1109,1911,7.,George Moriarty, 129
1110,1911,8.,Jim Doyle, 127
1111,1911,9.,Roy Hartzell, 124
1112,1911,10.,Eddie Zimmerman, 122
1113,1911,10.,Eddie Grant, 122
1114,1910,1.,Eddie Grant, 152
1115,1910,2.,Bobby Byrne, 148
1116,1910,3.,Art Devlin, 147
1117,1910,4.,Home Run Baker, 146
1118,1910,5.,Billy Purtell, 143
1119,1910,6.,Mike Mowrey, 141
1120,1910,7.,George Moriarty, 134
1121,1910,8.,Jimmy Austin, 133
1122,1910,9.,Harry Steinfeldt, 128
1123,1910,10.,Harry Lord, 114
1124,1909,1.,Eddie Grant, 154
1125,1909,2.,Harry Steinfeldt, 151
1126,1909,2.,Bobby Byrne, 151
1127,1909,4.,Home Run Baker, 146
1128,1909,5.,Art Devlin, 143
1129,1909,6.,Harry Lord, 134
1130,1909,7.,Jap Barbeau, 132
1131,1909,8.,Hans Lobert, 122
1132,1909,9.,Ed Lennox, 121
1133,1909,10.,Wid Conroy, 120
1134,1908,1.,Art Devlin, 157
1135,1908,2.,Tommy Leach, 150
1136,1908,2.,Harry Steinfeldt, 150
1137,1908,4.,Hobe Ferris, 148
1138,1908,5.,Tommy Sheehan, 145
1139,1908,6.,Harry Lord, 144
1140,1908,7.,Lee Tannehill, 136
1141,1908,8.,Eddie Grant, 134
1142,1908,9.,Bill Sweeney, 123
1143,1908,10.,Bobby Byrne, 122
1144,1907,1.,Harry Steinfeldt, 151
1145,1907,2.,Bobby Byrne, 148
1146,1907,3.,Art Devlin, 140
1147,1907,4.,Bill Bradley, 139
1148,1907,4.,Jimmy Collins, 139
1149,1907,6.,Doc Casey, 138
1150,1907,7.,Bill Coughlin, 133
1151,1907,8.,John Knight, 132
1152,1907,9.,Dave Brain, 130
1153,1907,10.,Mike Mowrey, 127
1154,1906,1.,Harry Steinfeldt, 150
1155,1906,2.,Doc Casey, 149
1156,1906,3.,Art Devlin, 148
1157,1906,4.,Bill Coughlin, 147
1158,1906,5.,Dave Brain, 139
1159,1906,6.,Lave Cross, 130
1160,1906,7.,Frank LaPorte, 114
1161,1906,8.,Jim Delahanty, 105
1162,1906,9.,Roy Hartzell, 103
1163,1906,10.,Lee Tannehill, 99
1164,1905,1.,Ernie Courtney, 155
1165,1905,2.,Art Devlin, 153
1166,1905,3.,Lave Cross, 147
1167,1905,4.,Bill Bradley, 146
1168,1905,5.,Emil Batch, 145
1169,1905,6.,Harry Gleason, 144
1170,1905,7.,Lee Tannehill, 142
1171,1905,7.,Doc Casey, 142
1172,1905,9.,Bill Coughlin, 136
1173,1905,10.,Jimmy Collins, 131
1174,1904,1.,Jimmy Collins, 156
1175,1904,2.,Lave Cross, 155
1176,1904,3.,Bill Bradley, 154
1177,1904,4.,Lee Tannehill, 153
1178,1904,5.,Tommy Leach, 146
1179,1904,6.,Doc Casey, 134
1180,1904,7.,Art Devlin, 130
1181,1904,8.,Hunter Hill, 127
1182,1904,9.,Bill Coughlin, 120
1183,1904,10.,Jimmy Burke, 118
1184,1903,1.,Ed Gremminger, 140
1185,1903,2.,Bill Bradley, 136
1186,1903,2.,Lave Cross, 136
1187,1903,4.,Jimmy Collins, 130
1188,1903,5.,Tommy Leach, 127
1189,1903,6.,Sammy Strang, 124
1190,1903,7.,Harry Wolverton, 123
1191,1903,7.,Wid Conroy, 123
1192,1903,9.,Bill Coughlin, 119
1193,1903,10.,Doc Casey, 112
1194,1902,1.,Ed Gremminger, 140
1195,1902,2.,Sammy Strang, 139
1196,1902,3.,Lave Cross, 137
1197,1902,3.,Bill Bradley, 137
1198,1902,5.,Tommy Leach, 134
1199,1902,6.,Barry McCormick, 132
1200,1902,6.,Doc Casey, 132
1201,1902,8.,Charlie Irwin, 130
1202,1902,9.,Harry Steinfeldt, 129
1203,1902,10.,Billy Lauder, 123
1204,1901,1.,Otto Krueger, 142
1205,1901,2.,Jimmy Collins, 138
1206,1901,3.,Bill Coughlin, 137
1207,1901,4.,Bill Bradley, 133
1208,1901,5.,Charlie Irwin, 132
1209,1901,6.,Doc Casey, 127
1210,1901,7.,Fred Hartman, 119
1211,1901,8.,Bobby Lowe, 111
1212,1901,9.,Lave Cross, 100
1213,1901,10.,Harry Wolverton, 93
1214,1900,1.,Jimmy Collins, 141
1215,1900,2.,Lave Cross, 133
1216,1900,3.,Charlie Hickman, 120
1217,1900,4.,Bill Bradley, 106
1218,1900,5.,Harry Wolverton, 104
1219,1900,6.,Jimmy Williams, 103
1220,1900,7.,John McGraw, 99
1221,1900,8.,Harry Steinfeldt, 67
1222,1900,9.,Charlie Irwin, 61
1223,1900,10.,Joe Dolan, 31
1224,1900,10.,Tommy Leach, 31
1225,1899,1.,Jimmy Williams, 153
1226,1899,2.,Billy Lauder, 151
1227,1899,2.,Jimmy Collins, 151
1228,1899,4.,Doc Casey, 143
1229,1899,5.,Lave Cross, 141
1230,1899,6.,John McGraw, 117
1231,1899,7.,Suter Sullivan, 101
1232,1899,8.,Harry Wolverton, 98
1233,1899,9.,Tommy Leach, 80
1234,1899,10.,Charlie Irwin, 78
1235,1898,1.,Jimmy Collins, 152
1236,1898,2.,Lave Cross, 149
1237,1898,3.,Bobby Wallace, 141
1238,1898,4.,Bill Gray, 137
1239,1898,4.,John McGraw, 137
1240,1898,6.,Charlie Irwin, 136
1241,1898,6.,Barry McCormick, 136
1242,1898,8.,Fred Hartman, 123
1243,1898,9.,Billy Shindle, 120
1244,1898,10.,Billy Lauder, 97
1245,1897,1.,Charlie Irwin, 134
1246,1897,1.,Billy Shindle, 134
1247,1897,1.,Jimmy Collins, 134
1248,1897,4.,Bobby Wallace, 130
1249,1897,5.,Fred Hartman, 125
1250,1897,6.,Billy Clingman, 115
1251,1897,7.,Bill Joyce, 107
1252,1897,8.,John McGraw, 105
1253,1897,9.,Charlie Reilly, 101
1254,1897,10.,Bill Everitt, 83
1255,1896,1.,Billy Shindle, 131
1256,1896,2.,Charlie Irwin, 127
1257,1896,3.,Billy Clingman, 121
1258,1896,3.,Bert Myers, 121
1259,1896,5.,Denny Lyons, 116
1260,1896,6.,Chippy McGarr, 113
1261,1896,7.,Jim Donnelly, 106
1262,1896,8.,Bill Everitt, 97
1263,1896,8.,Bill Joyce, 97
1264,1896,10.,Jimmy Collins, 80
1265,1895,1.,Billy Nash, 133
1266,1895,2.,Bill Everitt, 130
1267,1895,3.,Bill Joyce, 127
1268,1895,4.,Lave Cross, 125
1269,1895,5.,Billy Shindle, 117
1270,1895,6.,Chippy McGarr, 109
1271,1895,7.,Arlie Latham, 108
1272,1895,8.,Billy Clingman, 107
1273,1895,9.,John McGraw, 95
1274,1895,10.,George Davis, 80
1275,1894,1.,Billy Nash, 132
1276,1894,2.,Arlie Latham, 129
1277,1894,3.,Chippy McGarr, 128
1278,1894,4.,George Davis, 124
1279,1894,5.,John McGraw, 118
1280,1894,6.,Billy Shindle, 117
1281,1894,7.,Lave Cross, 103
1282,1894,8.,Bill Joyce, 99
1283,1894,9.,Denny Lyons, 72
1284,1894,10.,Charlie Irwin, 68
1285,1893,1.,George Davis, 133
1286,1893,2.,Denny Lyons, 131
1287,1893,3.,Billy Nash, 128
1288,1893,4.,Arlie Latham, 127
1289,1893,5.,Billy Shindle, 125
1290,1893,6.,Jack Crooks, 123
1291,1893,7.,George Pinkney, 118
1292,1893,8.,Charlie Reilly, 104
1293,1893,9.,Jiggs Parrott, 101
1294,1893,10.,Chippy McGarr, 63
1295,1892,1.,Arlie Latham, 142
1296,1892,2.,Billy Nash, 135
1297,1892,3.,Billy Shindle, 134
1298,1892,4.,Duke Farrell, 133
1299,1892,5.,Denny Lyons, 108
1300,1892,6.,Bill Joyce, 94
1301,1892,7.,Bill Kuehne, 86
1302,1892,8.,George Davis, 79
1303,1892,9.,Charley Bassett, 78
1304,1892,9.,George Pinkney, 78
1305,1892,9.,Jiggs Parrott, 78
1306,1891,1.,Billy Nash, 140
1307,1891,2.,Pete Gilbert, 139
1308,1891,3.,Arlie Latham, 135
1309,1891,4.,George Pinkney, 130
1310,1891,5.,Charley Bassett, 121
1311,1891,6.,Denny Lyons, 120
1312,1891,7.,Joe Mulvey, 113
1313,1891,8.,Bill Kuehne, 107
1314,1891,9.,Billy Shindle, 100
1315,1891,10.,Charlie Reilly, 99
1316,1890,1.,Tom Burns, 139
1317,1890,2.,Charlie Reilly, 137
1318,1890,3.,Will Smalley, 136
1319,1890,4.,Bill Joyce, 133
1320,1890,5.,Billy Nash, 132
1321,1890,6.,Bill Kuehne, 128
1322,1890,7.,George Pinkney, 126
1323,1890,8.,Jimmy Knowles, 123
1324,1890,9.,Joe Mulvey, 120
1325,1890,10.,Harry Raymond, 119
1326,1889,1.,George Pinkney, 138
1327,1889,1.,Billy Shindle, 138
1328,1889,3.,Tom Burns, 136
1329,1889,3.,Patsy Tebeau, 136
1330,1889,5.,Denny Lyons, 130
1331,1889,6.,Art Whitney, 129
1332,1889,6.,Joe Mulvey, 129
1333,1889,6.,Harry Raymond, 129
1334,1889,9.,Billy Nash, 128
1335,1889,10.,Jerry Denny, 123
1336,1888,1.,George Pinkney, 143
1337,1888,2.,Hick Carpenter, 136
1338,1888,3.,Billy Shindle, 135
1339,1888,4.,Tom Burns, 134
1340,1888,5.,Arlie Latham, 133
1341,1888,6.,Deacon White, 125
1342,1888,7.,Jim Donnelly, 117
1343,1888,8.,Jumbo Davis, 113
1344,1888,9.,Denny Lyons, 111
1345,1888,10.,Billy Nash, 105
1346,1887,1.,Denny Lyons, 137
1347,1887,2.,Joe Werrick, 136
1348,1887,2.,George Pinkney, 136
1349,1887,4.,Arlie Latham, 132
1350,1887,5.,Hick Carpenter, 127
1351,1887,5.,Frank Hankinson, 127
1352,1887,7.,Art Whitney, 119
1353,1887,8.,Billy Nash, 117
1354,1887,9.,Jerry Denny, 116
1355,1887,10.,Jim Donnelly, 115
1356,1886,1.,George Pinkney, 141
1357,1886,2.,Joe Werrick, 136
1358,1886,2.,Frank Hankinson, 136
1359,1886,4.,Arlie Latham, 133
1360,1886,5.,Deacon White, 124
1361,1886,6.,Dude Esterbrook, 123
1362,1886,7.,Jerry Denny, 117
1363,1886,8.,Jim Donnelly, 113
1364,1886,9.,Tom Burns, 112
1365,1886,10.,Hick Carpenter, 111
1366,1885,1.,Ned Williamson, 113
1367,1885,2.,Hick Carpenter, 112
1368,1885,3.,Arlie Latham, 109
1369,1885,4.,Joe Mulvey, 107
1370,1885,5.,Mike Muldoon, 101
1371,1885,6.,Deacon White, 98
1372,1885,7.,Phil Reccius, 97
1373,1885,7.,Bill Kuehne, 97
1374,1885,9.,Frank Hankinson, 94
1375,1885,10.,Fred Corey, 92
1376,1884,1.,Dude Esterbrook, 112
1377,1884,2.,Arlie Latham, 110
1378,1884,2.,Ezra Sutton, 110
1379,1884,2.,Joe Farrell, 110
1380,1884,2.,Bill Kuehne, 110
1381,1884,6.,Mike Muldoon, 109
1382,1884,7.,Hick Carpenter, 108
1383,1884,7.,Deacon White, 108
1384,1884,9.,John Irwin, 105
1385,1884,9.,Frank Hankinson, 105
1386,1883,1.,Joe Farrell, 101
1387,1883,2.,Mike Muldoon, 98
1388,1883,2.,Jerry Denny, 98
1389,1883,2.,Joe Battin, 98
1390,1883,2.,Arlie Latham, 98
1391,1883,6.,Dude Esterbrook, 97
1392,1883,6.,Ned Williamson, 97
1393,1883,8.,Hick Carpenter, 95
1394,1883,9.,Ezra Sutton, 93
1395,1883,9.,Jerry McCormick, 93
1396,1883,9.,Frank Hankinson, 93
1397,1882,1.,Jerry Denny, 84
1398,1882,2.,Ned Williamson, 83
1399,1882,3.,Hick Carpenter, 80
1400,1882,4.,Ezra Sutton, 77
1401,1882,5.,Jack Gleason, 73
1402,1882,6.,Deacon White, 63
1403,1882,7.,Mike Muldoon, 61
1404,1882,8.,Bill Schenck, 58
1405,1882,9.,John Shetzline, 52
1406,1882,10.,Arthur Irwin, 51
1407,1881,1.,Jerry Denny, 85
1408,1881,2.,Frank Hankinson, 84
1409,1881,3.,Hick Carpenter, 83
1410,1881,4.,Ezra Sutton, 81
1411,1881,5.,Ned Williamson, 76
1412,1881,6.,Art Whitney, 58
1413,1881,7.,Jim O'Rourke, 56
1414,1881,8.,George Bradley, 48
1415,1881,9.,John Morrissey, 12
1416,1881,10.,Mike McGeary, 11
1417,1880,1.,Roger Connor, 83
1418,1880,2.,Hardy Richardson, 81
1419,1880,3.,Art Whitney, 76
1420,1880,4.,Hick Carpenter, 67
1421,1880,5.,Ned Williamson, 63
1422,1880,6.,George Bradley, 57
1423,1880,7.,Frank Hankinson, 56
1424,1880,8.,Mike McGeary, 46
1425,1880,9.,John Morrill, 40
1426,1880,10.,Ezra Sutton, 37
1427,1879,1.,Hardy Richardson, 78
1428,1879,2.,Ned Williamson, 70
1429,1879,3.,Fred Warner, 54
1430,1879,4.,John Morrill, 51
1431,1879,4.,Bill Hague, 51
1432,1879,6.,Herm Doscher, 50
1433,1879,7.,Red Woodhead, 34
1434,1879,8.,King Kelly, 33
1435,1879,8.,Ezra Sutton, 33
1436,1879,10.,Will Foley, 29
1437,1878,1.,Ned Williamson, 63
1438,1878,2.,Bill Hague, 62
1439,1878,3.,Cal McVey, 61
1440,1878,4.,Ezra Sutton, 59
1441,1878,5.,Frank Hankinson, 57
1442,1878,6.,Will Foley, 53
1443,1878,7.,George Creamer, 6
1444,1878,8.,Cap Anson, 3
1445,1878,8.,Billy Redmond, 3
1446,1878,8.,Pidgey Morgan, 3
1447,1877,1.,Bill Hague, 59
1448,1877,2.,Bob Ferguson, 56
1449,1877,2.,Will Foley, 56
1450,1877,4.,Cap Anson, 40
1451,1877,5.,Joe Battin, 32
1452,1877,6.,John Morrill, 30
1453,1877,7.,Ezra Sutton, 22
1454,1877,8.,Mike McGeary, 19
1455,1877,9.,Cal McVey, 17
1456,1877,10.,George Bradley, 16
1457,1876,1.,Harry Schafer, 70
1458,1876,2.,Bob Ferguson, 69
1459,1876,3.,Bill Hague, 67
1460,1876,4.,Cap Anson, 66
1461,1876,5.,Joe Battin, 63
1462,1876,6.,Al Nichols, 57
1463,1876,7.,Levi Meyerle, 49
1464,1876,8.,Will Foley, 46
1465,1876,9.,Amos Booth, 24
1466,1876,10.,Ezra Sutton, 8
1467,1875,1.,Bob Ferguson, 85
1468,1875,2.,Ezra Sutton, 73
1469,1875,3.,Bill Hague, 62
1470,1875,4.,Warren White, 59
1471,1875,5.,Harry Schafer, 51
1472,1875,6.,Joe Gerhardt, 47
1473,1875,7.,Al Nichols, 32
1474,1875,8.,Harry Luff, 30
1475,1875,9.,Jim O'Rourke, 27
1476,1875,9.,Mike McGeary, 27
1477,1874,1.,Harry Schafer, 71
1478,1874,2.,Jack Burdock, 60
1479,1874,3.,Bob Ferguson, 55
1480,1874,4.,Warren White, 45
1481,1874,5.,Davy Force, 42
1482,1874,6.,Ezra Sutton, 36
1483,1874,7.,Jim Holdsworth, 31
1484,1874,8.,Chick Fulmer, 25
1485,1874,8.,Bill Boyd, 25
1486,1874,10.,Cap Anson, 20
1487,1873,1.,Bob Ferguson, 50
1488,1873,2.,Levi Meyerle, 48
1489,1873,3.,Harry Schafer, 47
1490,1873,4.,John Hatfield, 45
1491,1873,5.,Ezra Sutton, 43
1492,1873,6.,Warren White, 37
1493,1873,7.,Davy Force, 34
1494,1873,8.,John Radcliff, 24
1495,1873,9.,Ross Barnes, 13
1496,1873,10.,Al Nevin, 12
1497,1872,1.,Cap Anson, 46
1498,1872,2.,Harry Schafer, 43
1499,1872,3.,Bob Ferguson, 37
1500,1872,4.,Davy Force, 35
1501,1872,5.,Bill Boyd, 34
1502,1872,6.,Ezra Sutton, 22
1503,1872,6.,Chick Fulmer, 22
1504,1872,8.,Cherokee Fisher, 18
1505,1872,9.,George Fields, 12
1506,1872,10.,Jim Clinton, 11
1507,1871,1.,Harry Schafer, 31
1508,1871,2.,Ezra Sutton, 29
1509,1871,3.,Fred Waterman, 28
1510,1871,3.,Steve Bellan, 28
1511,1871,5.,Levi Meyerle, 26
1512,1871,6.,Cap Anson, 20
1513,1871,6.,Bob Ferguson, 20
1514,1871,8.,Ed Pinkham, 18
1515,1871,9.,Frank Sellman, 14
1516,1871,10.,Charlie Smith, 12
